Barcode,UMAP-1,UMAP-2
AAACAGAGCGACTCCT-1,-2.3735026519801217,-11.373212970323593
AAACGAAGAACATACC-1,3.459815437188776,1.5822182191382048
AAACGAGACGGTTGAT-1,0.5722435682165251,-2.683395406419784
AAACTCGTGATATAAG-1,3.8583001321716677,-9.094764935711002
AAAGACCCAAGTCGCG-1,1.2865579861587473,-8.158112231429044
AAAGGGATGTAGCAAG-1,2.734898301330925,-9.103201548622376
AAAGGGCAGCTTGAAT-1,3.7032771157399202,0.7253929129128561
AAAGTCACTGATGTAA-1,0.39793305483492447,-7.268122794262946
AAAGTGTGATTTATCT-1,2.1538977754216138,0.23101397267097767
AAAGTTGACTCCCGTA-1,0.9699956176432625,-1.9235327136442115
AAATAACCATACGGGA-1,-2.213411644591377,-12.11439727392482
AAATAAGGTAGTGCCC-1,2.5706150109062555,-4.275507690696093
AAATAGCTTAGACTTT-1,2.3615875049745125,-5.784622762882204
AAATGATTCGATCAGC-1,3.8648356892944085,-6.133320953782615
AAATGGCATGTCTTGT-1,0.038495169915577804,-8.327485256844202
AAATGGTCAATGTGCC-1,2.5390113064697313,4.716944589018189
AAATTAACGGGTAGCT-1,2.980043752615081,2.1650793874830345
AAATTACACGACTCTG-1,-1.7031274414665352,-12.051411419343502
AAATTACCTATCGATG-1,-2.046086394469841,-12.979477332857911
AACAACTGGTAGTTGC-1,2.439235794079579,5.088978716826071
AACAATTACTCTACGC-1,4.326413291163232,2.305981427139706
AACACGACTGTACTGA-1,3.360653853290517,2.938054268727403
AACAGGAAATCGAATA-1,0.4903522911149808,-8.831488137695763
AACAGGATGGGCCGCG-1,2.300776370641411,4.004800552166434
AACATATCAACTGGTG-1,-1.729278634511224,-12.468670329533538
AACCATGGGATCGCTA-1,0.5881594706050469,-7.1890843577023595
AACCCAGAGACGGAGA-1,-1.226885484786659,-10.948379166635172
AACCCTACTGTCAATA-1,-1.827474149471934,-3.9568743444486842
AACCCTGGTGGAACCA-1,2.766981401744704,2.455570739667199
AACCGAGCTTGGTCAT-1,-2.516046463177048,-12.58999148161802
AACCGTTGTGTTTGCT-1,-0.022691960424196262,-8.542911312721035
AACCTTTACGACGTCT-1,-1.36639849956982,-12.46026444509679
AACGATAGAAGGGCCG-1,-2.7612270076399676,-12.793355577337586
AACGATATGTCAACTG-1,2.1884299520042587,-11.088721036993148
AACGCATGATCTGGGT-1,2.424932629713452,-10.961448475404593
AACGCGGTCTCCAGCC-1,-2.0560226743189567,-12.314693820186083
AACGTCAGACTAGTGG-1,-1.4132635262687725,-6.264296964458929
AACGTGCGAAAGTCTC-1,1.0559253352653448,-2.2285082867209596
AACTACCCGTTTGTCA-1,3.932297088259541,1.9119636108832352
AACTAGCGTATCGCAC-1,4.736279072686464,2.661775804667644
AACTCGATGGCGCAGT-1,6.211177929917609,1.218287667681952
AACTCTCAATAGAGCG-1,3.1087880816911486,-6.659037546987093
AACTGATATTAGGCCT-1,0.7114329190816572,-9.339009112884677
AACTGGGTCCCGACGT-1,-2.5583206226991675,-12.017929746711888
AACTTGCCCGTATGCA-1,4.061540740058174,2.57330186065081
AAGAAGGATCAGTTAG-1,0.39534280466223976,-6.658417879795418
AAGACTGCAAGCTACT-1,2.8591698351199337,0.06670342780646286
AAGAGATGAATCGGTA-1,3.538456888925804,2.160027862063451
AAGAGCTCTTTATCGG-1,0.40675984593023745,-2.987540696160739
AAGAGGCATGGATCGC-1,1.2545304705214853,-2.8230334987350965
AAGATTGGCGGAACGT-1,-1.7312495411060906,-13.071739520659483
AAGCCGAAGCGGTTTA-1,2.744881973407033,4.546406523251965
AAGCTCGTGCCAAGTC-1,0.6652383011176344,-2.775127505244853
AAGGAGAACTTATAAG-1,3.2254083280374553,4.848977440075054
AAGGAGCGGTTGGTGC-1,4.044406311967751,2.3527694503851238
AAGGATCGATCGCTTG-1,2.176829041196656,-0.958851940841765
AAGGATGAGGGACCTC-1,-2.066826486757499,-12.72086108874809
AAGGCAGGCTGTCTCC-1,2.579620455562972,-4.193290244445754
AAGGCGCGTAAAGCTT-1,-1.365947173944582,-5.480536976147958
AAGGCTGTGCTCATCG-1,2.8168414937106445,5.4590605510165435
AAGGGACAGATTCTGT-1,-1.96927961917231,-12.958952653564245
AAGGTATCCTAATATA-1,1.719740456991989,-11.388366881765933
AAGGTGATAAACCAGC-1,1.7650336913318925,2.7251458043364867
AAGTAGAAGACCGGGT-1,0.9239468502643118,-7.255884830052296
AAGTCAATTGTCGTCA-1,3.095436336248974,0.23566335381100037
AAGTGCCTTGACTGTA-1,1.3168352712069018,-1.421532989232899
AAGTTCAGTCTGCGTA-1,-2.4779833405040947,-13.086474708794265
AAGTTTACTAATGGCA-1,2.416101502167537,3.4078183750321247
AATACAATGTTTCAGG-1,2.255248650241355,3.721955202317346
AATAGCTACCGCGTGC-1,3.1659055365675868,-9.158017106683841
AATATCAAGGTCGGAT-1,5.931711190092591,0.9513679280501267
AATATCGAATCAATGC-1,2.470965811956928,4.899243371671807
AATATCGAGGGTTCTC-1,-1.4479890599797638,-12.789674531303511
AATCCAAGGGCCTGAG-1,1.1900857854727236,-8.98548863590691
AATCGCCTCAGCGCCA-1,1.8544266535739569,2.6561084385919007
AATCGCGCAGAGGACT-1,1.9321930399148741,-2.4854595452393973
AATCGGGACACTACGA-1,4.957488478656301,1.5819632595301567
AATCTATGCCGGAGCC-1,-0.8062810697088416,-12.824242941507505
AATCTGCGTTGGGACG-1,3.1220645122979014,-7.635869494654007
AATGACTGTCAGCCGG-1,-1.154528905454121,-6.74507007377955
AATGATGATACGCTAT-1,1.5845835665329115,-11.402255439530908
AATGATGCGACTCCTG-1,2.193696264019307,-11.412462201485651
AATGCAACCGGGTACC-1,1.7405256408518603,-9.253255230820697
AATGCACCAAGCAATG-1,2.5656760688817988,-11.460237843506771
AATGGTCCACCGTTCA-1,5.2662704807589025,2.1036869794098076
AATGGTTCTCACAAGC-1,2.33781882296171,-7.874120758870183
AATTCATAAGGGATCT-1,2.0231857966097495,-11.276866480448172
AATTTGGGACATAGTA-1,1.6867625777814128,-8.711557509335103
AATTTGGTTCCAAAGA-1,-0.22413945264157228,-8.106159941520776
ACAACAGCATGAGCTA-1,3.3761831085805567,-6.1463846207242865
ACAACGGTCCCTGCGA-1,-2.3468906514351735,-4.949370050892396
ACAAGCAGTGCCTAGC-1,2.7879102570044454,4.329014468722173
ACAATTTGAGCAGTGG-1,-2.5624165572520603,-11.710127150069189
ACACAAAGACGGGTGG-1,1.1636185097398297,-9.076007822904717
ACACACCAGGACCAGT-1,2.8837119105357125,5.257256388058988
ACACACTTTCTACACG-1,0.4813481750099099,-9.465265087422736
ACACCACATAATTAGC-1,2.5976362545895206,-2.9567802418086413
ACACCCAGCATGCAGC-1,-0.7852343470409051,-7.117775314500525
ACACCCGAGAAATCCG-1,1.352700036073629,-7.725402325496069
ACACCTTAAGTAGGGC-1,-1.8913982141122956,-5.591588759057034
ACACCTTACTACTTGC-1,1.898822373146454,-0.7304763848995093
ACACGAGACTCCTTCT-1,3.641623248644093,-6.251250115091323
ACACGGCACTATGCAT-1,3.8044536373646087,1.980570726339249
ACACGGGAACTTAGGG-1,1.1413390345395522,-11.375978411825567
ACAGCATAGAGCCAGT-1,-0.027421624602737955,-7.6760314116029935
ACAGCGCACCCGCAGC-1,4.472836457928434,2.2869283548474377
ACATAATAAGGCGGTG-1,-2.5779764754180623,-11.713259155648668
ACATCCTGGTAACTGT-1,-2.1884145431065685,-4.098863086445009
ACATCGTTAACCTAGT-1,4.826870037550791,1.9209619386366583
ACATGGCGCCAAAGTA-1,2.0690263766043144,-2.1848519652823364
ACCAACACCACACACT-1,3.8414178438326902,-7.746098035868742
ACCAAGAACGCGTGTC-1,0.49508782925790634,-9.219829029655745
ACCACAAGTTTCTATC-1,-0.46320128198697913,-3.2739307994608513
ACCACCAATGTAACAA-1,2.3103875705399686,-0.4576635702692685
ACCAGGAGTGTGATCT-1,3.3196981046558593,4.975340339046866
ACCCAACGCCCGTGGC-1,4.099515776446424,-8.175467166084331
ACCCACCTACATGCTC-1,4.674464983724696,1.316514461555056
ACCCGGATGACGCATC-1,2.3986371526348753,-3.6789162450914437
ACCCTATAGGACTGAG-1,5.092006994362049,1.0030699169170993
ACCCTGGTAACGCCCT-1,2.2060053964618587,-8.872323555442154
ACCCTTCATCTGCGAA-1,0.030955766677122916,-9.13835691654263
ACCGAAAGGGCCCTGC-1,0.6823398610648524,-8.274500642434232
ACCGACTGAGTCCCAC-1,3.8287041144553493,-5.735499653452871
ACCGATGGTAGCATCG-1,3.2245113943970445,-5.940352170933637
ACCGCGGTGGAAGTCG-1,1.275638656162518,-1.4531391859704001
ACCGGGCCTTTGTTGA-1,1.9344579159515365,2.6905020566810043
ACCGTTCCCGCTCTGA-1,2.7727714339737717,1.8979595362028516
ACCTAATCGACTTCCT-1,3.089193527474197,5.353329320404521
ACCTACAGTATGTGGT-1,2.3779822507932,-1.8608053131548283
ACCTCCGTTATTCACC-1,2.5854565227749084,-3.581799718081468
ACGAAATGGGCGGCAC-1,4.757039539818851,1.3492205374094692
ACGAGATATTTGCTTA-1,3.208788786594122,4.849973524759833
ACGAGTACGGATGCCC-1,-1.663906997341135,-13.045101867593823
ACGATACATAGAACTA-1,2.5556331247052455,-10.267968681996523
ACGATCATACATAGAG-1,2.2875846161586253,-9.49018645903204
ACGATCATCTTGTAAA-1,2.195201655734872,-5.471522920460423
ACGATGGATCCGATGC-1,3.340899334894071,3.031539458292476
ACGCAATCACTACAGC-1,3.1509870794277965,-10.684253968867669
ACGCATTCGTGAGTAC-1,-0.38375078735435403,-3.2960560596313115
ACGCCAGATGATTTCT-1,2.3875539418897875,-9.053580470941705
ACGCGGGCCAAGGACA-1,6.055304292386273,1.1391095039505035
ACGCTAGTGATACACT-1,-2.0024057301065286,-13.007576543127419
ACGGAATTTAGCAAAT-1,0.11857563884873336,-6.961276795698814
ACGGAGCGCAAATTAC-1,2.443507155635484,-11.299777401785331
ACGTACAGATTTCTCT-1,0.1101977888948985,-7.696877503922033
ACGTAGATTGCTGATG-1,-1.5457723514005113,-4.136422498775137
ACGTATTACTCCGATC-1,-2.2551049661332407,-4.626805055731945
ACGTGCGCCTCGTGCA-1,-1.7416513375838636,-10.849652138554793
ACGTTCCGCGCTCCGT-1,-0.05162301996183847,-7.7386241437306085
ACGTTCGCAATCAATT-1,2.5341083734101284,-2.9558347808206116
ACGTTTAGTTGTGATC-1,0.3233580071356885,-8.632690566148057
ACTACCAGCTCTCTGG-1,-2.093616864768894,-4.960300736951485
ACTATCCAGGGCATGG-1,2.411059968023005,-4.22159050414916
ACTATTCGTCCGTGGT-1,-1.8502376840713206,-11.389893755279337
ACTCAATAAAGGCACG-1,-2.532143857268099,-12.273597992677061
ACTCAGACCTGCTTCT-1,0.7987421041930234,-6.841834543208473
ACTCCCGAATTCGTTT-1,1.86671426481762,-10.80379325637038
ACTCGTCAGTAATCCC-1,1.836249980254984,-2.0389270939144106
ACTCTTGTATAGTAAC-1,0.9436571344959505,-1.9890255644170518
ACTGCCGTCGTAACTC-1,1.074506593864685,-8.51168176854203
ACTGCGGACACACCGT-1,2.542096245328392,-2.6755812119397335
ACTGTACGATACACAT-1,3.3686697577492333,-10.05324250624832
ACTGTAGCACTTTGGA-1,3.5222165287940963,3.8561802741314475
ACTGTATACGCGAGCA-1,0.513110126679867,-7.358799557319369
ACTGTCCAGGATTATA-1,4.271480814630511,2.5031263424289216
ACTGTCTTCTTTAGAA-1,3.5074854248930527,-6.275657158200704
ACTGTGCTAGTAGATC-1,0.3501498607961878,-7.5302766341311385
ACTTAGTACGACAAGA-1,1.653280686530242,-7.912498563988296
ACTTATACTTACCCGG-1,-0.8393168944539436,-3.589670283955284
ACTTCGCCATACGCAC-1,-2.295841834324832,-12.661940228673615
ACTTGCCATATTGTAC-1,2.8110908437510034,1.9712149692536858
ACTTGGGACCCGGTGG-1,4.092585828604543,2.9884316749799185
ACTTTACCCTCATGAA-1,2.7705314823083507,-11.244157796724878
ACTTTCCTATAGCTTC-1,3.753834818742016,-7.211746513664785
AGAACGTGGTACATTC-1,-2.1119894733597215,-11.816187248212275
AGAAGAGCGCCGTTCC-1,5.9678712794149344,1.0116078323204547
AGAATTATGGATTCGA-1,3.599669436886228,-8.704386719658745
AGACCATGGGATACAA-1,5.019306988740806,0.9920720868360179
AGACCCGCCCTCCTCG-1,1.5231624832569584,-9.122890632500514
AGACTAGCCTTCCAGA-1,2.640080200799686,4.202078563507639
AGAGAACCGTCTAGGA-1,-2.113838706043774,-12.390343801779274
AGAGCAGTTATGAGAC-1,5.084199049801742,1.921063050368457
AGAGCGGGCTAATCAT-1,0.22609855528786388,-10.124167581656128
AGAGCGTACAAGCTCG-1,4.665690393051255,1.462431251730425
AGAGGTATCTCGGTCC-1,3.2025979141737375,4.859895772433342
AGAGTAAACTTCACTA-1,2.2539888555451495,3.2892957990260228
AGATACGACTTCATAT-1,-2.1256893260072816,-12.172082443199937
AGATCGTGCATAAGAT-1,3.8436356981117674,-9.60459565204936
AGATCTCAGGTGTGAT-1,3.87536510765043,-9.733773437712765
AGATGACTCGCCCACG-1,1.6864118952668588,-9.10133264456976
AGATGAGGGTTGCGAT-1,-1.8795886829840134,-11.167892950010492
AGATGATGGAGTCTGG-1,2.4387038227961733,-5.125360101854791
AGCAACATATCTTATT-1,1.4882198400628444,-2.3443646685532684
AGCACCAGTACTCACG-1,3.5001947007257175,-8.576879534111185
AGCATCGTCGATAATT-1,-0.7698162156250604,-7.543526885471621
AGCCACTCCCGTGCTT-1,2.48540146504705,-11.011056122248016
AGCCCTAAGCGAAGTT-1,0.06143542536269972,-9.427199179079581
AGCCCTTCTAATCCGA-1,-1.4016945331084607,-12.373578839901501
AGCGACATCCCATTCA-1,-2.453947166780716,-11.377757499695605
AGCGACCAACGATATT-1,1.4140980618914654,-9.235097459756519
AGCGCGGGTGCCAATG-1,-0.8230103441712517,-12.769374658717133
AGCGGGAAGGGTCCAT-1,0.7601864100343424,-8.225611840216475
AGCTAGAAGCAGAAGT-1,2.8714024086832657,-11.202170879971865
AGCTATTTAATCCAAC-1,-2.6193971702867884,-11.753811134183126
AGCTCTAGACGTTCCA-1,2.5540477288376158,1.971760781143291
AGCTCTTCCCAGTGCA-1,3.0634274976779783,-11.060560863889236
AGCTCTTCGTAACCTT-1,2.193900484760537,-0.9641587598422404
AGCTGAAGTAAACCAA-1,2.719358221592072,-10.235784337164445
AGGACATCGCACGTCG-1,0.8545002386576461,-9.429037409143435
AGGACGCTCGATGTTG-1,-2.161538117622389,-12.861823320013261
AGGATATAGGGATTTA-1,2.2765577749674315,3.256079950483956
AGGATTGCTTACGACA-1,2.693220841348601,-3.8155168558178882
AGGCAGATGCGTAAAC-1,-2.1690905844411934,-12.726883027876406
AGGCCACCCGTTATGA-1,2.9248020624512945,5.530099902260227
AGGCCCATTGTACAGG-1,-1.5145269117531168,-11.135586477841425
AGGCTATGGTTAGCTT-1,3.166548556713092,1.9129004318748688
AGGCTTGCTAGACACC-1,3.0274460562659815,5.491074500020422
AGGGAAACGAGGTACT-1,1.7683049216950162,-10.445485146047824
AGGGACCGGCTGCGTT-1,2.431104245876235,-4.106122685858349
AGGGAGACATACTTCG-1,3.7485690300472148,-7.533914879695219
AGGGCAGCGGCGTGGT-1,4.294013031937378,2.1313870709289753
AGGGCGTGATCGGCTA-1,1.4203194877881848,-7.987433319316036
AGGGCTGCAGTTACAG-1,-1.878450472632665,-4.951237229824607
AGGGTCGATGCGAACT-1,2.8717225167717624,-5.690665624731302
AGGGTGCTCTCGAGGG-1,2.567619442415561,-5.789041817034262
AGGGTTCCCTTTGGTT-1,3.7384975548803308,-5.3275347605190575
AGGGTTTAGTTCGGGA-1,0.8216232287593008,-2.5556218444366854
AGGTAACCTCCTATTC-1,1.7326419446570256,-8.339130210810012
AGGTACGATATTGCCA-1,0.1490571325031693,-8.364712086086739
AGGTATAATTGATAGT-1,2.317903777951522,-4.320437081667441
AGGTATGCGGACATTA-1,2.5158279595367077,-2.8583376369821405
AGGTCGCGGAGTTACT-1,-0.5247451920441033,-12.517577746479796
AGGTTGAGGCACGCTT-1,2.2554209262725795,-9.54513009223674
AGTAATGTCTTGCCGC-1,-0.9440071225093677,-11.140011902204652
AGTACATCATTTATCA-1,3.772340282683613,-10.091101246027282
AGTACGGGCACCTGGC-1,2.5027971015915043,-11.067210981130177
AGTAGGAAGGAAGTTG-1,-1.9971045681747146,-13.29076729086793
AGTAGGTAACATACAT-1,-1.6824086973514316,-11.034524144099354
AGTATAATACTAGGCA-1,-2.3772054745892577,-4.951599362593164
AGTCAGCCACCGCCTG-1,6.1000129143451725,1.2674962779406869
AGTCCATTGGCTGATG-1,-1.980731364796007,-4.063172684445298
AGTCCCGCCTTTAATT-1,-1.332888941199123,-12.923697226797279
AGTCGACGGTCTCAAG-1,-2.0703329154070347,-4.251471776898994
AGTCGGCCCAAACGAC-1,-2.2202981490885665,-4.91827903029612
AGTCGGTTGCGTGAGA-1,2.2681115607698885,-1.5579121641291227
AGTCTAAAGTATACTC-1,3.2302899820061377,-10.763329458467277
AGTCTTCTCCTCAAAT-1,-1.7522188206324332,-11.988950791297905
AGTGAACAAACTTCTC-1,1.0253922106892057,-1.745180787731295
AGTGACCTACTTTACG-1,4.895814073025233,2.510657331112311
AGTGAGACTTCCAGTA-1,-1.5914378899324069,-4.068484324368811
AGTGAGCCTCGCCGCC-1,-2.3177362349572155,-12.955469247557886
AGTGATTCAAGCAGGA-1,3.1542577161873004,-7.2179671247428265
AGTGCTTGCACGAATA-1,2.002905027166349,-1.0245875477255697
AGTGGCGGCAATTTGA-1,0.08372505194423192,-12.097090506689165
AGTGTATTGCGCATTG-1,-1.6336720156681164,-13.15643216560629
AGTGTGCTAAGATCGC-1,5.905404675195554,1.3013227239042915
AGTGTGGTCTATTGTG-1,2.363124609626463,3.2965904055366937
AGTTAAGCGGTCCCGG-1,-1.907463851186418,-13.375263156625776
AGTTACTCTATCGTGG-1,-1.778460035874479,-13.249397125047778
AGTTCCTACAGAATTA-1,4.319068105421184,2.8516353427844927
AGTTGACATCGGCTGG-1,6.020581655606564,1.1595614370362992
AGTTTCGCAGGTCGGA-1,-0.20148661797195547,-9.134732323833118
ATAACGCCGGAGGGTC-1,-0.10697461390964869,-2.7817114532993537
ATAACGGAGTCCAACG-1,-1.5680051561776895,-12.554448439064595
ATAAGTAGGATTCAGA-1,-1.6273772660820243,-13.187675863388034
ATAAGTAGGGCGACTC-1,2.2992059957531406,-4.36033834257081
ATAATAGTGTAGGGAC-1,-1.4658358169282897,-4.187378513754525
ATACCAGCAAATTGCT-1,2.633632426340338,4.585088471305651
ATACCAGGCTAATAGA-1,0.13727101086539442,-7.6105849227310145
ATACGAAGGCTTTCCA-1,2.3013335193918296,-1.2623980161621626
ATACGGGTTTCGATTG-1,3.489933558827659,-9.255715365320162
ATACTAGCATGACCCT-1,-2.342119138870961,-12.751299217595228
ATACTCTCGCCACTCT-1,5.9726635050914965,1.25637159520034
ATAGACAACGGGACCT-1,2.633561713073045,-11.28989056974009
ATAGAGTACTGGGACA-1,-1.8571359927124576,-5.588231026639461
ATAGAGTTATCAACTT-1,-2.5691607664667266,-12.413990693048095
ATAGGCTAGCTTCGCA-1,-0.6579131656553282,-12.551941047810503
ATAGGGATATCCTTGA-1,1.7224182136403425,-10.397270335992806
ATAGGTTGGGCAGATG-1,3.936309104758994,-6.745093851320483
ATAGTCTTTGACGTGC-1,3.7046805646221035,1.5589799313693486
ATAGTTCCACCCACTC-1,2.2636883234915963,-4.644137783026107
ATATCAACCTACAGAG-1,2.149154925574971,-5.064782557441224
ATATCGGTAGGGAGAT-1,2.339244092988765,-3.037920357545653
ATATCTCCCTCGTTAA-1,3.1933616948754815,-9.81892768759365
ATATCTTAGGGCCTTC-1,2.1983109880766194,2.883488671888906
ATATGTCTCCCTAGCC-1,2.5704606206567724,-6.197277058761617
ATATTCCCACAGGTCA-1,0.3655551590296474,-9.486326370071607
ATATTGCTGTCAAAGT-1,1.9736525551661277,-7.9630428017484896
ATATTTAACCCTCAAG-1,-1.936555682102833,-4.447865063554055
ATCAAACACTGTTCCA-1,2.009471938285759,0.7986027601003587
ATCAATCTGGGCTGCA-1,0.0048500067461913704,-3.1125946712261463
ATCACATTAGAATATC-1,2.4966292580879714,-10.759421859979943
ATCACTTCATCCTCGC-1,-2.1168052078850583,-11.946298885355557
ATCAGTAGGCAGGGAT-1,3.6626270211101586,-10.324819462424713
ATCCAACGCAGTCATA-1,-2.4257606351371988,-5.0623514654429025
ATCGACTCTTTCCGTT-1,2.1769640098466683,-10.586884768522793
ATCGCACGCCGGGAGA-1,1.5260836944377025,-9.340048743118427
ATCGCCAGTCAACATT-1,2.0548271355296692,-0.7580746755882717
ATCGCTGCGTGCAGCA-1,4.3067566977537375,-8.633162629288423
ATCGGCAAGCAGTCCA-1,4.16993946385341,-8.942019171848289
ATCTCCCTGCAATCTA-1,0.5811406862584438,-9.381664286827673
ATCTGCACCTCTGCGA-1,-0.9916297744324711,-12.728042387883
ATCTGGTTAAGACTGT-1,-2.5853181038129533,-12.402086032875415
ATCTGTAATTGTACCC-1,-2.73486160566112,-12.225330843350074
ATCTTGACCTGCAACG-1,-2.3177919071396937,-5.146848141949564
ATCTTGACTTGTCCAA-1,3.8197417173178194,-9.869020635590628
ATGAAGCCAAGGAGCC-1,-0.8205658041356683,-7.026275893549935
ATGACGCCGGCTCTAA-1,-2.8712910034548464,-12.64560199290962
ATGAGGAGTGTTAATC-1,-2.5056469891563133,-4.8505233631335996
ATGATCGGGAATAGAC-1,-1.8626773945679063,-11.774493333030597
ATGCACTACCGCATTG-1,-2.0383180302973667,-5.463234017688933
ATGCATGATCCAGGAT-1,2.7839804132755392,-10.097989184600927
ATGCATTCCGTGATGG-1,3.3197934288137287,3.501577567992425
ATGCCAATCGCTCTGC-1,-1.4699124301118383,-12.129499255467625
ATGCCATTTGCGACCA-1,2.2202712985806596,0.41271796241141456
ATGCCGGTCTTGCATA-1,3.682065885328288,-6.904256326643891
ATGCCGGTTGATGGGA-1,3.190982314010046,-10.30955374521848
ATGCGACAGTCCCATT-1,0.7600015108361977,-2.654317524631717
ATGCGAGTCCCACCAC-1,2.78362476238075,3.0874041134311656
ATGCTCAGTGTTGCAT-1,0.7499932653903275,-8.607731036221983
ATGGAACCTTTGCACA-1,2.458215035286274,-3.1590118180495734
ATGGAGCAGGCCGTGA-1,3.9959315433819764,1.5098016840807573
ATGGATCCGGCGTCCG-1,2.24136658796377,-9.658981921859143
ATGGATTGACCAAACG-1,2.8087268782134385,-6.04394455606591
ATGGCGGAATAGTCGC-1,2.2508319393346405,-4.288914538592757
ATGGGCCTCGGCCTCT-1,3.1896329811562003,5.349277995478775
ATGTAAGGCTGCTCTT-1,2.221882676827858,-7.2520611921538025
ATGTGCATCCGACGCA-1,2.0459876167846245,-9.090767775356925
ATGTGTAGTTTAGTCA-1,3.6020261349213984,1.5236069415210962
ATGTTACGAGCAATAC-1,1.047800251780692,-6.704566520168524
ATTAATACTACGCGGG-1,-2.634583271863698,-11.526040159506
ATTAATGAACCAGTCG-1,2.6043115747796617,-10.666566475702059
ATTAATTCGGTCACTC-1,0.3027089696414926,-9.079163885066786
ATTACATGTCAGTCTT-1,2.6000490993307923,4.985726583334157
ATTACTAGCCTCTTGC-1,0.5476608209455541,-8.093301261168515
ATTACTTACTGGGCAT-1,3.7738836585928333,-9.561046728676091
ATTAGATTCCTCAGCA-1,3.742134377567464,-10.255544223031869
ATTAGATTGATAGCGG-1,1.3267076362705128,-6.800577366194661
ATTAGGCGATGCTTTC-1,2.4469576764637737,1.7652330230518858
ATTATACTTTGCTCGT-1,1.8231249172765724,-10.422782613185952
ATTATAGCTACTTTAC-1,2.4443823990209403,-2.914485639225775
ATTATCTCGACAGATC-1,3.280153189093893,2.7969842167490047
ATTATGCCATAGGGAG-1,0.7959278346846664,-8.601092878673922
ATTCAGGACCTATTTC-1,1.8440569520605081,-11.563750945027282
ATTCAGTAGCAGGGTC-1,3.230494892631456,0.4659154498752457
ATTCCCACATAAACAA-1,3.688867778017548,1.4239106209967647
ATTCCTAAGACGTGGA-1,-2.3343381405638457,-11.516143106293722
ATTCCTCCGCCAGTGC-1,0.2723415226649048,-7.187735365171326
ATTCCTTCCAGGCGGT-1,5.756412194648707,1.5795879955360193
ATTCGTGCTATCTCTT-1,2.1252693036762667,-0.4078474653455824
ATTCTCGTCTCTTTAG-1,0.40074934256289224,-7.780044990171571
ATTGAAGATCTTAGTG-1,3.1370727730898693,3.4346401808519906
ATTGACCGGCGATGAC-1,2.0239424204252368,-8.536225323217488
ATTGACGTAACTCGGT-1,2.369760070562902,2.9375216364443184
ATTGATAGCAACGAGA-1,4.3075102019321525,0.9358195890524609
ATTGATGAGTCCTAAC-1,3.6998029524397014,-7.48411264258811
ATTGGGAATATCTTGG-1,-2.1833390715445757,-10.812220648564328
ATTGTACAACTCGGCT-1,2.2910237125042494,-5.937003444272359
ATTGTCGCAATACCTT-1,-2.0265841269628218,-13.18224962591222
ATTTAACTCGTATTAC-1,-2.7567434783748372,-12.04919950569588
ATTTACTAAGTCCATT-1,3.5659339671974024,-7.2325644349782605
ATTTCATTATTTCGCG-1,-2.4300401463176584,-12.563129005412634
ATTTGTCTTGGGAGCT-1,2.0376115387789273,-0.014330670965201154
ATTTGTTCCAGGGCTC-1,2.365542509450376,-9.04737066816105
CAAACTACGATAGAGA-1,-1.166575914062542,-10.820105844403905
CAAACTATTGAGCTTC-1,2.651194272287318,3.214306805265887
CAAACTCGCGACGCCG-1,2.1577374179609183,0.09089778589042154
CAAATTGGATTATGCC-1,1.7800731830715524,-7.167703589061432
CAAATTGTCAGCAAGC-1,0.2678050185666464,-8.489712148952176
CAACACATCTCCTGCC-1,2.1558847224606335,-0.49717802481177475
CAACGACCCGTTTACA-1,0.7454734204868679,-7.493936731334978
CAACGGTTCTTGATAC-1,2.5519022872884913,-7.169729537669178
CAACTATATCGAATGC-1,-2.4485120351574756,-12.77190152466408
CAACTCCTTGATCCCG-1,1.1622434852539847,-7.212150607767268
CAACTTGTAGTGGGCA-1,0.9820167185752714,-6.743177642062824
CAAGCACCAAATGCCT-1,0.4748251679725909,-10.298449847359576
CAAGGTCCTATAGGCT-1,2.607712819097918,-3.249621902864008
CAAGTGTGGTTGCAAA-1,-0.8922960763440234,-3.4326071055852148
CAATAAACCTTGGCCC-1,-2.759105988393311,-12.699329634069308
CAATCCCTATACCAGC-1,2.0727364325124142,-6.976874534152663
CAATCCTGCCGTGGAG-1,6.006060277438028,1.3495777410938876
CAATGAGGTTCGACTA-1,0.07489434188283171,-8.14654367498098
CAATGGATCTCTACCA-1,2.1505685120496527,-11.522249015634447
CAATGTGCCAACCCTT-1,2.4667762459441533,-3.094705070934572
CAATTAAGGGTGATGA-1,3.5038786441299306,-5.158623659441978
CAATTTCGTATAAGGG-1,2.7404450378173255,4.612157760285421
CACACAGGGATAGATT-1,4.804223598245992,1.148335108600951
CACACGCGCTGTCTTA-1,2.807581420782898,-7.041514849028013
CACAGCACCCACGGCA-1,-0.3002865269718449,-2.8392381351746354
CACAGCTAGGGAGTGA-1,-1.5990901576585146,-11.267294410443217
CACATGATTCAGCAAC-1,2.6956916822413812,5.373546942019179
CACATTCTTTCGATGG-1,-0.30725032641024647,-12.515860792002348
CACATTTCTTGTCAGA-1,1.945255201177779,-0.7235125295018052
CACCATCGGAGGAGAC-1,-0.16144853569521242,-8.467039035740457
CACCCAAATCTTATGT-1,2.3833562354352926,-4.454445238443116
CACCCACACGTCACCC-1,1.3286308547604935,-7.661703313713889
CACCCACGAGGCAATT-1,2.7850171796791705,-10.579573008352009
CACCCTTTCCTCGCTC-1,5.756710532326901,0.8891735200652147
CACCGCCAGAAGGTTT-1,2.654375360926554,-5.80352231454977
CACCGCCGACCAGCGA-1,4.646810111582569,1.9170882024080764
CACCGCGTCCACTCTA-1,-1.4434431416262359,-13.061438748455346
CACCTAATCAGTTTAC-1,2.202101244960807,-9.187314424026724
CACCTCGATGGTGGAC-1,1.788953318267107,-9.222824730987739
CACCTTGCGAAACTCG-1,-0.49275020249947044,-12.521075717630653
CACCTTGGCGCCTTTG-1,-2.1668014631352275,-4.237631079934371
CACGCACAGCGCAGCT-1,-1.5582322815723266,-11.47457812640557
CACGCGGAACTGTTGC-1,-0.19306739408829196,-2.6673837533923215
CACGGCGCGCCAAAGG-1,-1.82323688263115,-12.492285370774521
CACGTTCGTGCTCTAG-1,2.256997628462823,-1.0702393559561851
CACTCAGCTCTTGAGG-1,0.029728290692824025,-8.246882735393383
CACTCCTCTCGGTCGG-1,-1.759204382986138,-12.674019553140912
CACTGTCCAAGTGAGA-1,0.7465975465238651,-7.447490629935219
CACTTCGCCACAGGCT-1,-0.05165423522494949,-7.073513101562237
CAGACCTGTAAGTGTT-1,4.021588626298699,-8.888478586676694
CAGAGCATGAGCTTGC-1,-2.46549203712333,-12.443334256364873
CAGAGTGATTTAACGT-1,4.809336864902266,2.0560668332214638
CAGATACTAACATAGT-1,-2.2703234520724305,-5.198872319995093
CAGATCATTTAAAGTC-1,2.9878859020890864,-4.412065887413894
CAGCAGCCCGTTCCTT-1,-2.558195046852505,-12.71515477462375
CAGCCGGGCCCTCTAT-1,3.2365994924448693,5.285195458282094
CAGCCTCCTGCAGAGG-1,2.7965773683074646,-10.131636284968026
CAGCCTCTCCTCAAGA-1,-1.4382099620285842,-12.300019073738818
CAGCTCACTGAGACAT-1,5.669452734518378,1.098900404488974
CAGCTCGACAAGTTAA-1,3.781852508364768,-9.935047382303846
CAGCTCGTGCTTGTGT-1,1.861596682961568,-7.966382240802405
CAGCTTAGTAGGTAGC-1,2.9568853668519153,3.490432895362804
CAGGAAGACTTTATAT-1,-2.5169972249686676,-11.582712883782321
CAGTAACTATTTATTG-1,2.5240000598945707,-11.22056452813226
CAGTAATCCCTCCCAG-1,4.782132680691044,1.4349866666110702
CAGTACATTCTCTAAA-1,3.735909911582298,-9.60450916552551
CAGTAGCCCACGCGGT-1,-2.1630373552221362,-13.10480434229811
CAGTCGAGGATGCAAT-1,2.9863771713966214,-11.32461053244518
CAGTGAATAAATGACT-1,-1.7938022480151232,-12.750792064010142
CAGTGTCCGCAGAATG-1,-2.4692881513848497,-12.013343316032318
CAGTTCAAATTGACAC-1,-1.856393526979699,-4.533991480220688
CAGTTCCGCGGGTCGA-1,4.35595044925918,1.08007130633651
CATAACGGACAGTCGT-1,2.8580085279549046,-5.8979856715653165
CATACAAAGCCGAACC-1,1.5695726854403023,-7.055054886564843
CATACTTAGGCAATAC-1,2.4220548902407097,-4.500932463975428
CATAGCCGCCCGGGAT-1,2.1625297870897766,2.0940576425825848
CATAGTACATTGAGAG-1,-2.0821523321129516,-12.082738857518912
CATAGTAGCATAGTAG-1,1.0055470206673331,-7.310435060727278
CATATACTACTGATAA-1,-1.7290932354485742,-12.602179504922026
CATATAGGTACAGTCA-1,4.346760647528384,3.0585928309442565
CATATTATTTGCCCTA-1,2.864599504667573,4.5663001959018885
CATCATCTACCCGGAC-1,0.02210111248202541,-8.434680462633677
CATCGCCCGCGGCCAA-1,2.0780650522525184,-8.052830173339089
CATCTATCCCGTGTCT-1,-1.8006707513055846,-12.670754684425255
CATCTTACACCACCTC-1,2.3616229586085016,-4.62891953586957
CATGAACCGACATTTG-1,1.5764030591398528,-8.112905884888802
CATGAACCTCTTATCA-1,3.1594065317867943,4.989266484420971
CATGACTTCGCTGAAT-1,2.158825672168862,-2.832014009221081
CATGATGCACAATTCT-1,1.8714310467448418,-10.992632053941472
CATGATGGAAGTTAGC-1,2.2753810504261853,-0.6441757184882928
CATGCATGGAGACCCT-1,2.7915474778316254,2.8319513845023057
CATGCGACCAGTTTAA-1,-1.8340520637317905,-12.536565629074435
CATGCGTTAGACAGAA-1,0.3726030709342712,-8.962430784240322
CATGCTGGCTCCAATT-1,0.45533789024569815,-8.67651774853231
CATGGCAGGAAGATCG-1,-2.2721076879468685,-11.738342184524022
CATGGGTCGGGTGTGG-1,1.8160925552709501,-11.130724348016647
CATGGTCTAGATACCG-1,3.3590314737424674,-9.351839836107889
CATTACATAGATTGTG-1,2.628939683058463,-6.796107034406902
CATTACGTCGGCCCGT-1,-2.198546402238532,-11.278926485181374
CATTATGCTTGTTGTG-1,-0.3647875286178286,-7.5848733471422625
CATTCACTGACAGCTA-1,3.1847772516550004,1.46437880864432
CATTCCCATTCCGTCG-1,2.544152591784992,-2.6137486570886543
CATTCCCTAAGTACAA-1,6.177616700019193,1.3207058579745765
CATTGCGGGTCAATTC-1,2.577402260947117,-7.206884334765916
CATTTAGCGGACCATG-1,-1.510164571048832,-12.942529322338611
CCAAACAGAACCCTCG-1,-0.7536515951835657,-7.135263402534625
CCAAGACTTCTGCGAA-1,-2.2472141253453857,-12.035909303167081
CCAAGCGTAACTCGTA-1,-0.9293289734831367,-3.630722798431494
CCAAGGAACAGAGAGG-1,2.080521454824888,-6.852915809855695
CCAATCGGTAGATCGA-1,-2.3361498343280784,-12.950384215998723
CCAATTACGGGTCGAG-1,3.617642090345457,-10.50700184915582
CCAATTGAATGTTAAT-1,0.41656974198258084,-7.174746500277
CCACAATGTACGTCTT-1,-2.6139039313031023,-12.64489968332627
CCACCCAAGGAAAGTG-1,2.0401370341768175,0.41499621749152854
CCACGAATTTAACCTC-1,2.601229624186991,-0.24013074967194534
CCACGAGAAGAGAATC-1,-2.4641437702999744,-11.22765187849063
CCACGGTGCCCGGTAG-1,2.2373005294371704,-4.809522210843487
CCACGTAAATTAGACT-1,2.6425170316465953,-2.8098994788549434
CCACTATCCGGGTCAC-1,2.31038136829792,-5.552961586960413
CCAGAGACAAAGCCGG-1,3.324218911466081,1.5000315366666874
CCAGATAGTTGAGTGA-1,-2.2186762628239265,-11.860109165426287
CCAGCCTGGACCAATA-1,2.041012647876712,3.027726863329292
CCAGCTACGCCTCATA-1,1.0806135941300052,-6.413608731137313
CCAGCTTCCGCCCGCA-1,5.218059451896308,1.786737020811771
CCAGGGACGTGGCCTC-1,-0.3994045665999863,-7.368834768930012
CCAGTAGTCTGATCCA-1,1.6903866302249508,-11.518920772639342
CCAGTCCATTATTCGA-1,5.662939609411578,1.0688794013526681
CCAGTCTAGACGGCGC-1,-0.010918276090364998,-12.257817497583503
CCATAAACAACCCGAC-1,-2.2989163702154456,-11.587420635281505
CCATACCTTTACTTGT-1,2.552241919857571,-11.365256171861217
CCATAGGTTGGCGTGG-1,-2.02601526171443,-11.29758716141559
CCATCCATACCAAGTC-1,1.1157436143924115,-9.685845829315982
CCATCTCACCAGTGAA-1,2.49775425602837,-4.567276908185924
CCATGCTCTGCAGGAA-1,0.12307940844014985,-7.238431597664694
CCATGGCCCTTGTACC-1,5.700709376151063,1.5957836621308898
CCCAAACATGCTGCTC-1,2.9868510942581254,-6.119829055600321
CCCAACCACACTAACA-1,4.266286079539003,1.9990258755353922
CCCAAGACAGAGTATG-1,3.539977267546686,4.054386572247455
CCCAGAGGAGGGCGTA-1,4.168513719021489,-9.276581562170486
CCCGACCATAGTCCGC-1,2.2605158468419835,-9.169338777240528
CCCGAGTTTCTCCGTA-1,2.3762087284577764,2.18532572041199
CCCGCAGGGCCCAAAG-1,5.921812116142926,1.5584823413955269
CCCGCCATGCTCCCGT-1,0.6152966475456482,-7.920714306672159
CCCGCGCAATGCACCC-1,3.6126789816804266,3.114901745034201
CCCGGTGGAAGAACCT-1,1.8410217693446844,3.0751273630570526
CCCGTCAGCGTCTGAC-1,-0.7107049175115372,-7.780489717089811
CCCTAGTGTCAGGTGT-1,5.901664294357974,1.2022033857550487
CCCTCATTCTGGAATT-1,1.8640242023879365,-7.526179493508508
CCCTCCTCGCTCGTAT-1,2.6292490456902486,4.518098610011837
CCCTGCGCTACGCATA-1,4.529148107644779,2.642364459756568
CCCTGGTATGGGCGGC-1,2.7424805266078,2.1789662197131285
CCGAAGTATATTGTTC-1,2.5339999567850695,2.44495393643185
CCGACAAAGGGAGTGC-1,5.462101183725302,2.070189077651685
CCGAGAAGTCGCATAA-1,2.0027848839144955,1.7548617905057744
CCGAGCTGTGCTTGTC-1,3.6615649493645837,-7.857652611086972
CCGAGGGATGTTAGGC-1,2.0952164510082993,2.590058730597901
CCGATCTCAACCTTAT-1,2.343156086968148,-5.253712782651149
CCGCACAAAGACCAAC-1,1.4868175289913732,-1.2995648757959324
CCGCACGTGACCTCGG-1,2.9404963745580632,1.7235546016367047
CCGCCGGTCAACACAC-1,-2.1743979657785575,-11.30395435704581
CCGCCTGCGAATTGGT-1,-1.4894048403231905,-12.704546613768793
CCGCGGGTACGAAGAA-1,5.1733025663168055,1.45746656539899
CCGCGTAGGTAAGGGC-1,5.901193584396748,1.6724081869267142
CCGCTTGCTGACATGG-1,3.9203758423066755,-9.783027914512077
CCGGAATGGTTTCAGT-1,-2.4323960529503377,-4.9214821955347
CCGGCACGACCGTTTC-1,2.3181227177417716,-4.586451812913625
CCGGCGCATATTGGAT-1,-1.9545740231404927,-11.207512422813725
CCGGGACCCGCAGAGA-1,-2.7928302734454014,-11.990704128251574
CCGGGCGGTCTCGTCA-1,3.5825253854520587,-6.917517142470523
CCGGGCTGCTCCATAC-1,-1.7003259611122177,-4.303471628818293
CCGGTAATGGCTAGTC-1,2.585627967337119,-2.8259027857032146
CCGTAAGTTGGTCCCA-1,3.438758460620436,-5.986993753524631
CCGTACCCAAGCGCCA-1,5.557113790227132,0.8289470275325521
CCGTATTAGCGCAGTT-1,2.707690124778473,-8.920941112413052
CCGTGAGGCATTCATG-1,2.2132394329247167,-1.5843001265746957
CCGTGCCCATGACGGC-1,1.445744736169398,-8.091551964354606
CCGTGGAACGATCCAA-1,4.116551731592472,-9.183270043748026
CCGTTACGTTAGAACA-1,4.265703882399756,-8.615831701447636
CCTAAAGGCTGACGCT-1,-2.655627814756803,-12.46442675333491
CCTAACTAAGGCTCTA-1,1.5646193886244268,-11.258637373332267
CCTACGGCTCAGTCGA-1,2.883419982769853,-9.762556219797817
CCTACTGCTTACACTT-1,-2.4340512672273578,-5.036228398462529
CCTAGGCGTAGCGATC-1,-2.1423837619518267,-4.679840307041686
CCTAGTTAGTCGCATG-1,0.28747771089280827,-8.131297714060576
CCTATCTATATCGGAA-1,1.793660373141423,-10.23769604324126
CCTATGAAGTGGTGCC-1,2.3260858710353256,-4.774566870746761
CCTATGGGTTACCGTC-1,3.5035510304089725,-4.865945180154324
CCTCACCAATCTTGAC-1,-0.12901990169030597,-11.981849725374671
CCTCACCTGAGGGAGC-1,-1.679948545275873,-12.77538725979231
CCTCACCTTAGCATCG-1,-1.3410658639440751,-12.753299645331866
CCTCATGCAGCTACGA-1,6.254258381584878,1.3592339333011347
CCTCCCGACAATCCCT-1,0.1317282373550116,-7.560951447206869
CCTCGAAGTGGACGGG-1,0.8009072966608728,-9.0401844911196
CCTCGCCAGCAAATTA-1,1.8502241836535145,-9.60223787001977
CCTCGCGCGATATAGG-1,3.938990489469973,-8.807685850294044
CCTCGGACCGGGATAG-1,2.049194952697985,1.9866094835277985
CCTCTAATCTGCCAAG-1,1.9759844577232093,-10.992531132242869
CCTCTGGCCTAGACGG-1,-2.205092020356698,-11.720081720977142
CCTGAACGATATATTC-1,0.6427557027842625,-2.8395166009302057
CCTGAATATTTACATA-1,1.3140072871769028,-11.281673012970918
CCTGCTATTTGAGAAG-1,-0.6813630183483879,-7.185359280482476
CCTGGAAACGTTCTGC-1,2.4189894525154574,-2.468683561175387
CCTGGCTAGACCCGCC-1,3.17676163644601,5.436128742551016
CCTGTCACCCGGGCTC-1,3.5103180637610514,-8.827576975970514
CCTGTCCCTCACGTTA-1,2.514377175421981,-3.1786926975345815
CCTGTCGCCCGTAAAT-1,3.174000655837143,3.659266092333723
CCTTCTTGATCCAGTG-1,2.3269271859097977,-9.170188674904436
CCTTTCAATGAAGAAA-1,-0.8804847213949829,-12.75065546694226
CGAAACATAGATGGCA-1,2.2474955108833594,3.288293210328909
CGAACGCCCAGTGCCG-1,0.2767038417336102,-8.543686108402525
CGAAGCTATAAATTCA-1,2.7962390054893196,-10.842030598094802
CGACAATTTGATCTAA-1,2.013267602975303,0.11124556799626605
CGACACGCTCCGACAG-1,2.6019704462691524,5.117941531761413
CGACATGCGATCTTCT-1,2.714014550940353,3.099909723519038
CGACTCAGGATGTTAT-1,2.684417505983587,-11.172835502152454
CGACTTTGTATAGCCT-1,2.2259144230723678,-5.644752399767187
CGAGAGATGTGAACCT-1,4.101470121187595,-7.131718679859576
CGAGCACTTCAAGTTT-1,4.4686605696013615,1.059102197395676
CGAGCGTTGATCAGCC-1,1.846677954140569,-8.764641635890408
CGAGCTGGGCTTTAGG-1,0.7092663603859263,-9.465569687084253
CGAGGATCGGGAACGA-1,2.136053943470197,-5.099147109381908
CGAGGCTAAATATGGC-1,3.9160921937159983,-6.02975999436942
CGAGGGACTGCGGTCG-1,2.3938165782264993,2.2214183194413497
CGAGTGCTATAGTTCG-1,1.763442641011389,-6.8457751944678025
CGAGTTCTGTCCCACC-1,-2.045954356605426,-12.901983469872397
CGAGTTTATCGGACTG-1,0.7653214771498414,-3.056833797478573
CGATGGACCCTACGCC-1,3.1754469994357746,-9.914716186248794
CGCAAACACGAGTTAC-1,3.079250646627319,4.57206931063326
CGCAATTACTTTCGGT-1,-1.9692959123814222,-5.518198892703233
CGCAATTAGGGTAATA-1,3.503181621037681,3.372654599921312
CGCAATTCTACAATAA-1,2.2871142419352752,0.4828078741867869
CGCACATGTCCACTAC-1,2.09255974317666,-0.8637955853036512
CGCACGTGCGCTATCA-1,1.9225174497266135,-3.0978037001387397
CGCAGAAACATTTGCG-1,4.086559236594783,1.372437516001772
CGCAGATCTTCACCCG-1,3.7788374474427058,-10.106297520977462
CGCATCCATCAGCCAG-1,2.2074661486161435,-5.459784632481242
CGCATTAGCTAATAGG-1,2.0712425009287325,-7.4522530443075805
CGCCATCCGATTATGA-1,2.8950242848149728,-10.401658222750143
CGCCCGCTTCCGTACA-1,2.788437490605352,-11.109054035476419
CGCCCTTGAAGGCTGA-1,2.4400525928657704,2.182272120343091
CGCCGCCCATGCCTGT-1,1.9771792753249358,1.7545066872282795
CGCCGTCTACCCATCG-1,2.55069432398475,-4.0187276844296385
CGCGAGAGGGACTTGT-1,-1.434876787012498,-12.586242810644473
CGCGCCCGACTTAATA-1,2.5337334629211425,-9.312482998925242
CGCGGCTCAACTTGAA-1,1.6713776963075597,-1.0929001834132226
CGCGGGAATTAGGCAG-1,-2.0022436349552675,-12.342713292469602
CGCGGTAAGTCTAGCT-1,2.3525453149906492,-3.8174546606106974
CGCGGTCACAAACCAA-1,-1.3956498992790791,-12.963112863906963
CGCGTTCATGAAATAC-1,-1.9647942903933884,-4.992912660683718
CGCTAGAGACCGCTGC-1,2.0767595417835216,-2.8901666666044177
CGCTATACCGCCCACT-1,-0.9771610131488537,-10.924791155474447
CGCTATTCAATGTATG-1,0.9698554614981517,-7.162429769921242
CGCTCGACATAATGAT-1,0.3725556393392304,-7.248033945278896
CGCTGTGACGCCGCAC-1,-1.2583539244449113,-6.514973315639063
CGCTTCCACTGAAATC-1,1.3953793273422774,-7.379022867362901
CGCTTTCATACCGGTG-1,0.6153098097700884,-8.854925725777566
CGCTTTCTTGCATTCG-1,3.655483435358713,-7.538409870933531
CGGCACTCAAGAAAGT-1,5.577643975446415,0.8074433540245455
CGGCAGGGTCGGGTTG-1,3.4778344934256817,-7.423967881846558
CGGCCACGCACAAAGT-1,3.0737503325718163,3.6113532145743044
CGGCCCAACCTGTAGT-1,3.7907189051245904,-10.140753607993927
CGGCCCAGGTATATCC-1,-2.13131897423483,-4.17250644961448
CGGCTCTAAAGCTGCA-1,2.0035055843263154,0.4107783455556375
CGGCTTTGTATGATAA-1,3.254594896642297,-0.176561969190723
CGGGAATATAGTATAC-1,2.6849274468639623,1.1702412586661897
CGGGATCAATGTAAGA-1,2.4736370818346125,-9.376419300554067
CGGGCAGCTAAACCGC-1,5.780306824872893,1.010310367970171
CGGGCCTTCTTTGTAA-1,3.277801008560855,3.69949017868869
CGGGTGTACCCATTTA-1,3.021026622287648,-6.913089711858364
CGGTAGAGGTGCAGGT-1,2.916717777310272,-10.893944952292347
CGGTCAAGTGGGAACC-1,0.05890951812314544,-12.042064519947482
CGGTCTATCAACCCGT-1,4.086622909052377,-8.993421383211501
CGGTGGGCTCCAGCCT-1,-2.2528530806486335,-13.212093239506281
CGGTGTACTTGATCCC-1,1.9750905437120514,-8.169466989483574
CGGTTATCCAACAGTG-1,4.071915431506957,-6.368524826397419
CGGTTCAAGTAGGTGT-1,3.1189625879864025,-10.629702726962032
CGGTTCCGGCTTCTTG-1,6.2787038464171285,1.3221444212710018
CGTAAACGCTTGAGTG-1,5.697736852980424,1.340834801989302
CGTACCTGATAGGCCT-1,-2.3945365977911477,-12.264312841848774
CGTAGCGAATTGTCAG-1,0.3191490856434393,-8.771068782352975
CGTAGCGCCGACGTTG-1,4.602901882554519,2.3832531758936364
CGTATTAAGAGATCTA-1,5.719344305728772,1.4857950067731844
CGTCAGTGCGCACAAG-1,0.7611285712869096,-7.502274096821108
CGTCGGATAGTGTTGA-1,2.344065304208272,-5.869601462096073
CGTCTGGAAGGGCCCG-1,-2.43514566767051,-11.167676246351796
CGTGACATTGGGTCGT-1,-1.8944489107530644,-13.035348657746809
CGTGGCCGAATATCTA-1,2.0628766454505554,2.821863167701935
CGTGTCCCATTCGCGA-1,3.3443482092937615,4.182474190960967
CGTGTGTTAAACCCTG-1,2.2297614948169975,-5.634197050349976
CGTTAGCTCACAACTG-1,-2.161590455890833,-12.923465474856604
CGTTCTTCGCACACCT-1,3.458402488283845,-9.579120164589963
CGTTGTAAGATTGATT-1,0.08682578338364337,-12.111673039494198
CGTTTAAGCGGAGCAC-1,-1.251758352343111,-10.84422212001156
CGTTTCACTTCGGGCG-1,-1.4258328687649935,-13.147615776720894
CTAAATCCTATTCCGG-1,-1.9288547463344765,-12.600815817257109
CTAACGAAACTTGCTG-1,4.086132666770319,-7.569144509149697
CTAATTCGCACGCGCT-1,3.4608479149160125,4.288439311161225
CTAATTCTCAGATATT-1,0.025055824983078286,-12.225246991547294
CTAATTTCAACAACAC-1,5.578121612407451,1.8008158532737553
CTACCCTAAGGTCATA-1,3.282353749995926,-4.477231945175249
CTACGCACGGAGTACC-1,3.151630099785566,5.306208900093075
CTACGCCATTTCCGAT-1,0.29456300969771587,-8.407915225494152
CTACTATCTTTCAGAG-1,4.170819706349065,-7.783649945913621
CTACTCTAGGCCCGGC-1,4.665188996522084,1.933094501111966
CTACTGCCACCTGACC-1,3.3747508997639546,-8.579672355943194
CTAGATGTGAGTGTAA-1,3.8549863973774543,-8.24156927856654
CTAGCATAGTATAATG-1,0.32113090021335033,-2.9514186912393985
CTAGCCGATGTTATGA-1,3.564090296844908,-8.992293790703222
CTAGGTCTGAAGGAAT-1,2.3259738259612233,-5.668944530755183
CTAGTATTCGGAATTA-1,-1.7334265092275107,-11.875928783524285
CTAGTCACGTCTTAAG-1,1.911331807763639,2.167417489443506
CTAGTTGGGCCCGGTA-1,2.9549659711422986,-9.727934314982022
CTATAAGAGCCAATCG-1,-2.015192331767375,-11.900578967402039
CTATCGGGTCTCAACA-1,0.521819274870706,-2.729522117830503
CTATGTCACTAGCCCA-1,3.061720366292532,-3.7349086565939613
CTATGTCTATTGAAAC-1,0.2576427312243017,-8.268862300000793
CTATTTGGTTACGGAT-1,0.8492533531953841,-2.6065321556938676
CTCAAGACATTAGCGC-1,-0.3418235051598326,-10.914567503267598
CTCAGGACTCACCTGT-1,1.695323409510636,-7.880699784003084
CTCAGTCACGACAAAT-1,0.1523493205391062,-12.011781220910283
CTCATGGCTCACAATC-1,-0.5672626997824605,-10.269057286455512
CTCATTTGATGGGCGG-1,-2.442581209954121,-12.294595389066153
CTCCGGCCTAATATGC-1,-2.515026606051849,-12.430793379224706
CTCCTAAGTTATGTCT-1,5.747162440879224,1.1977070873374362
CTCCTTTACGCAAGTC-1,4.039042718359745,-7.256393003292258
CTCGAGGTCGAACAGT-1,3.4110456616488216,-5.978273220736456
CTCGATATTTGCGAGC-1,4.075729529183268,-8.316805710550522
CTCGCACCTATATAGT-1,-1.9009229391813849,-12.464590893847562
CTCGGGATAACACCTA-1,2.824488477568562,-2.9115762698785654
CTCGGTCCGTAGCCTG-1,0.1975485783908647,-9.90093046386912
CTCGTTTCTAATGTTT-1,4.22160968072019,-8.895025336321769
CTCTAATGCATTGATC-1,2.461294582224587,-11.235539148419331
CTCTCACAATCGATGA-1,3.148832730299705,-5.593423969029043
CTCTCGATGTGCGCCT-1,2.8158680771828224,4.411170526193711
CTCTGCGAAGCAAGCA-1,0.6022771849834355,-7.568032855275734
CTCTGGACGCCTGGTG-1,1.301949287122137,-1.470528781753998
CTCTGTTTGAGGATTC-1,0.26259071322048555,-8.943415796232902
CTCTTCTATTGACTGG-1,3.093494127417657,1.1339637518002437
CTGAAAGAGATCCGAC-1,1.054848994446229,-9.801527576787908
CTGAATTTATTGCCAG-1,3.6391671948377042,-7.413414775102226
CTGACTGCGCAGCTCG-1,3.769829989482155,-9.828057843737424
CTGAGCAAGTAACAAG-1,5.8208988685800245,1.143881926671398
CTGATAGTGTATCTCA-1,5.279739721475083,2.130774335348648
CTGCACCTAGTCCACA-1,2.2298020516702746,-5.366746295689567
CTGCACCTGGAACCGC-1,1.768368069129045,-6.2268487904642
CTGCCAAGGTTGGAAG-1,2.600503812903875,-9.349388973520616
CTGCCTCATATGCAAC-1,2.725525984924937,-4.077480268734162
CTGCGGGTGAAATGTT-1,6.105025817640824,1.4341097847758946
CTGCGTTACGATATAA-1,-1.6515608110682218,-12.944231103593381
CTGCTTTATGTCCGCG-1,2.936144472079278,-7.67766025102838
CTGGAAATGGATGCTT-1,-1.9117981477730666,-4.491932518279556
CTGGCGACATAAGTCC-1,0.7772254401702569,-11.605509778995303
CTGGCGCACAGGTCTG-1,-2.037760493588425,-4.322411346362408
CTGGCGGGAATAAGTA-1,2.3985030561595355,3.816910911596582
CTGGCTGATTCATCCT-1,2.351841834976635,-0.037266868639441564
CTGGGATAAATAATGG-1,2.058898083680623,-0.866763112968135
CTGGGATACGCTACCC-1,2.5167531294548393,-3.2848339663497037
CTGGTAACACATAGAA-1,1.8682474681153487,2.9310472462148223
CTGGTAACGAGCTCTT-1,2.272797423267948,-11.558002434168664
CTGGTCCTAACTTGGC-1,4.000948504818199,1.8720695351300582
CTGGTTCAACGCATCA-1,5.877630462274456,1.0090060417847793
CTGTATGGTGTAGAAA-1,1.6761467337542346,-7.491729395773157
CTGTCAAATGGCTCGG-1,2.8832608593250804,-10.995108214786734
CTGTTCACTGCCTGTG-1,1.806803885129217,-8.764720733094487
CTGTTCATCTCACGGG-1,0.8392824578237503,-7.178055981662317
CTTAACTTCGAAGTAC-1,-0.11654637547272344,-8.305980067335458
CTTACACTGGGAAATA-1,2.06779606735283,-7.846679217111769
CTTAGCCTTCCACATG-1,2.686648192037592,-9.544829116864689
CTTAGTAGGCCTACAG-1,3.6801080041182446,-9.05401854956735
CTTATGTTGACTACCA-1,0.42125920068705447,-7.018683800060537
CTTCATAGCTCAAGAA-1,2.198162467011864,-7.834633497983719
CTTCATTGTCAGTGGA-1,2.657677795604389,4.9576341481257185
CTTCTTACGTCGTATA-1,-1.5553627937688819,-11.06193166565694
CTTGACCCGAAAGATA-1,0.2552203523170906,-7.273612876943061
CTTGAGGTTATCCCGA-1,5.760976926048383,1.221982086537688
CTTGAGTTAGGGTAAT-1,-2.094375823642662,-4.130544652200796
CTTGTACTTGTTGACT-1,-0.13949775518792967,-7.877008478366737
CTTGTGAGTCTTTGAC-1,5.547766046743266,0.9744707730602031
CTTGTGCTCACCGATT-1,3.621990238233281,-10.206831569854845
CTTGTTGCTGAGTCAA-1,1.9147775963360198,2.627951561189429
CTTGTTTATGTAGCCA-1,-2.453844194072702,-4.75707174176349
CTTTAACTTTCAAAGG-1,-2.1596299959097074,-11.562372925768708
CTTTAGGAACACTGTT-1,1.8706559721834968,2.1715960352483865
CTTTGGCGCTTTATAC-1,5.329230590762445,2.111056768356171
GAAACAGATGACCACC-1,0.9779229486124275,-2.3401972109569797
GAAACAGCCATGCAGT-1,0.04527903567864065,-7.770668535608793
GAAACCATGGTGCGCT-1,-0.3233130663824129,-12.49827832462673
GAAACTCGTGCGATGC-1,3.7589840600319837,1.0555320588983041
GAAACTCTAATGAAGG-1,0.2973307261954862,-8.372773188347848
GAAAGAACAGCGTTAT-1,2.321414026215976,-4.399835639946633
GAAAGTGACTAACTGC-1,-2.4569692919905055,-4.917012063207051
GAAATATCACCATCAG-1,4.094228086039401,1.993444599378422
GAAATATGCTTGAATG-1,1.655535356437294,-10.140158567753632
GAAATCGCGCGCAACT-1,2.209192674308975,-8.64558808467988
GAAATGGCGGTGTTAG-1,-2.002641226372678,-4.854397275125593
GAAATTAGCACGGATA-1,-1.7689737008314828,-13.000435911041256
GAAATTCACATCGCTG-1,1.455750613423058,-6.787015825110994
GAAATTGTCTCTATAA-1,4.632286348807863,2.850558414229122
GAACACACATCAACCA-1,-0.6450728608938183,-7.311705954732833
GAACCATCTGGGAGAC-1,2.609583758528847,4.256350431862345
GAACGACCGAATGATA-1,-2.643911781114538,-12.956451634822361
GAACGTCTCATGGTCG-1,3.977415544097639,-6.812855893970784
GAAGAACGGTGCAGGT-1,-1.4148183862416517,-11.063708754767376
GAAGCGTGAGGAATTT-1,5.882872471786764,1.3432574431002928
GAAGTCTCCCTAGCGA-1,-2.2288223645806933,-4.622313945341886
GAAGTGCTGGATAGCT-1,-1.4421546597378383,-11.382934602392343
GAATAGACGCGACCCA-1,2.28445842759698,-0.8035884091362804
GAATAGCCCTGCGGTC-1,2.527414645227377,-10.37152531957735
GAATATTCGGAGTCCC-1,-2.6942918525633295,-11.910108135632166
GAATCGACATGGTCAC-1,-2.118666454583879,-5.251978564861643
GAATCGCCGGACACGG-1,1.652497329511784,-7.213359065353291
GAATGTATGGCAGGTC-1,-1.540395497148302,-13.277037136559132
GAATGTTGGGTAATCT-1,-2.282382781401637,-11.556692105160991
GAATTATAGTGAAAGG-1,0.9156474598342826,-2.3026928401088433
GAATTTCTCGCTGCAG-1,2.5146279758656678,3.4134083798313855
GACAAACATATGCAGG-1,1.2096761218008836,-1.577124327248689
GACAACGACCATTGAA-1,2.3499575329820184,-10.977424052836515
GACAACGCAGCTTACG-1,1.2226241790505228,-9.514616970679807
GACACAAGGGAAGAAA-1,2.8750052840866442,-3.048331389278501
GACACGAGTTAGAGGA-1,4.8768565016731795,1.0753171317866095
GACAGCCAGACCTGAC-1,2.1710469085400375,3.875766462633499
GACCAGAGCCCTGTAG-1,2.8800437555547833,5.49524077191476
GACCCGTCGCCGGCTA-1,2.159916891632834,-3.385192377072985
GACCGACGTGAAAGCA-1,2.2266801908900025,-3.0574839229410395
GACCGACTGAAGCGTC-1,5.405661654401401,2.140580286987529
GACCGTCAGGTCGTGA-1,-2.5655959387092575,-11.521004288612108
GACGCCTGTTGCAGGG-1,6.243616927786458,1.227748502092898
GACGGACCGCGTTCCT-1,3.3030745183619303,2.5882596911933486
GACGGTCAATAGAAGC-1,4.342296885779462,-8.35491819493459
GACGTGTAGGGATTAT-1,4.244439124017806,2.3936718037550464
GACGTTCGTAAATACA-1,2.354082932318239,-7.104609022460767
GACTAAGATCATGCAC-1,0.5810128360026321,-8.817118059122931
GACTAAGTAGGCTCAC-1,3.496010893357121,3.88783348177297
GACTCACCCACGTGAG-1,2.386893610950437,-3.221127401715566
GACTCCCAGAATAAGG-1,2.6246898054128898,-11.170089854470959
GACTCGCGGGAATGAC-1,-1.5020315863383236,-13.098999074718426
GAGACTGATGGGTAGA-1,3.051111490387297,-6.602283215726479
GAGAGGGCGCGAGGTT-1,5.507679518417946,2.000039037698293
GAGATCTGTCACTCCG-1,3.928556546889661,-6.322967020975777
GAGCATCATCCCTGGG-1,1.3509389645382843,-7.005936113834031
GAGCCACGGTAGTAGG-1,0.40766375001263166,-8.006593527247912
GAGCGAGGGAGTACCG-1,-1.1363672532111337,-10.970711398665404
GAGCTAAGGGCATATC-1,-1.9876653003099014,-11.920841427532702
GAGCTCTCGGACCTAA-1,0.37273040038611266,-10.982510129083156
GAGCTGTCGTCTCGGA-1,3.9015635521592413,-9.161713426421207
GAGGAATGGAGAGGTT-1,4.112574377979318,2.9252952390407327
GAGGGCATCGCGTATC-1,6.240661087717529,1.0951528509601116
GAGGGCGCAGCTCTGC-1,2.8733651394747923,-11.161928213606078
GAGGTACATCCATCTT-1,0.2396123843056701,-8.724978135788731
GAGTACGGGTATACAA-1,2.2855096805730883,-7.696510821763153
GATAAATCGGTGGATG-1,1.7611447948033352,-7.765921321610725
GATAACTCGCACTGTG-1,0.7352069222293978,-2.4095188572088935
GATAAGGCAGATGCAA-1,6.429638837328558,1.305797763508066
GATAGGTGTCCCGGGC-1,2.460231352635496,-3.3956478018941425
GATATCTCATGCAATA-1,-1.435058876124745,-11.137098617463169
GATATGAGACACTAAC-1,2.466084148629679,1.334692091428085
GATATGCGGTAGCCAA-1,3.761384319207046,-5.3962690442131365
GATATGGATTACGCGG-1,4.805239808966139,1.8085947048882942
GATATTGAGATTGGCG-1,2.490754741027185,-6.505642576676648
GATATTTCCTACATGG-1,-1.9707663067722527,-13.232737197425259
GATCATTCCAAACATT-1,-2.302701022898578,-4.44170752388546
GATCCCTTTATACTGC-1,3.405108865888267,-8.363641366728324
GATCCGAATATAAGTG-1,2.659989443781919,-2.8875512518755566
GATCCGGGAATTAACA-1,2.4413717796985326,5.007032231923862
GATCCTAAATCGGGAC-1,-1.5857658721457863,-12.945562469902644
GATCGACACTATCTGA-1,-2.2016215810704,-5.366722313216593
GATCGGTGGCCATAAC-1,3.75674183880306,-5.3499442812299485
GATCGTGACTGATATC-1,2.0238319241569434,3.229631047731908
GATGACGATGATCGCG-1,2.3670652895518502,-9.488650645541606
GATGCTACAAGCGCCT-1,-1.274069971289018,-11.015875316304726
GATGGCGCACACATTA-1,-2.395194697002341,-4.589374275261076
GATGGTGCCCTAGGCA-1,3.549108854890163,2.9703775713997698
GATGTCGGTCAACTGC-1,2.82813610120605,3.170597740523405
GATGTTTGTGCGAGAT-1,-2.5281594383171835,-10.918283795286557
GATTCCCTTGTCGCAG-1,0.7782103073708201,-11.509870798861458
GATTCCGCGTTTCCGT-1,-1.880539332070341,-12.288516885312537
GATTCCTATACGGCGC-1,2.8190723323500078,1.7337589039430255
GATTGACACTCTGCTC-1,3.5193027998325115,1.3405386710225533
GCAACAGCAGTATGCG-1,2.1300910607179313,0.10794225612367213
GCAACCACCAGACCGG-1,-2.832272347825691,-12.393881714232059
GCAACGGCTAGTTATG-1,2.283181838116616,-0.060746448412064835
GCAAGTGCACAGAGAA-1,-1.5307748087283526,-6.068207107869936
GCACAAACGAGGCGTG-1,4.9362413180092855,1.2449584757806
GCACAAGTGTCGGAAG-1,-0.019098900086531083,-8.212710872876128
GCACTAGTCGCGCTAT-1,1.7972084012746108,-8.189044618726808
GCACTGTGCAAATGTA-1,4.536474234641793,0.8600681568594545
GCAGACCCAGCACGTA-1,2.452753811065562,-2.1097721285821684
GCAGCACACAGCCCAG-1,5.23644715649046,2.2044007143158106
GCAGCCTATATCACAT-1,2.181117595699309,-4.577903861647937
GCAGGTAGAGTATGGT-1,-1.465546147487916,-12.871606149304654
GCATCCCTAACTTTGA-1,1.7840141485030525,-8.036610487725858
GCATGAGGGACGCGGC-1,2.2148693987062216,-10.376133304159492
GCATTCAAGGCAACGC-1,-0.8487413431929596,-12.800598450357999
GCATTTCCAAGGCTCC-1,1.2150699809601653,-7.112775900485773
GCCAACCATTTCCGGA-1,2.5678316396226903,-11.376684200375566
GCCAATAGGGCATCTC-1,2.693087752583134,-10.926942060866551
GCCAGGAGTAACCGAT-1,3.3544161108056803,-9.311943094224079
GCCATATTGCACACAG-1,2.8663547409677834,-10.465210791756556
GCCATCGATGCTGCAT-1,2.6210327217365026,-6.713086714248699
GCCCACCAAGGCTGTC-1,2.0828386240747325,-6.6323379064904495
GCCCAGATGCTGGAGA-1,2.591472800899164,-2.640849010541064
GCCCAGTTGGTATGCC-1,-1.0747899180323133,-6.995817950327254
GCCCGCGCGTTTGACA-1,0.560389045786338,-8.521927293409158
GCCCGTAATACCTTCT-1,-0.11567431428583441,-12.293006891282618
GCCGGAAACACATCTT-1,3.1640711810928095,5.137015041164721
GCCGTGGAAGAAATGT-1,2.5707592662081313,-2.5945908216839206
GCCTAGCGATCTGACC-1,0.2909757034301073,-7.573924863509723
GCCTATAGTGTCAGGG-1,4.111874879122721,-6.62617944181419
GCCTATTCCGATATAG-1,-2.5685448918985756,-5.034904616832132
GCCTATTTGCTACACA-1,0.26068070543676425,-7.0171153379839675
GCCTCATCTGGAAATA-1,-0.022106833382270933,-2.7121734260216863
GCCTTCAGCCCTACCG-1,1.7049560210081285,-8.374270239111349
GCGAAGCCATACCCGT-1,-2.212937675546172,-4.575392681670329
GCGACATGTAAACATC-1,2.260500812777783,-5.352964743590517
GCGAGAGGCCATGTAA-1,2.903196979997076,-6.846541446982291
GCGAGAGTTGCGTCCA-1,3.4793965612268933,-6.84562569785737
GCGAGCGCATGCTCCC-1,2.319314238958299,-4.733063583567529
GCGAGTTCTGCAAAGA-1,4.900077266674541,1.4202420462351586
GCGATTCTGGAAGCAG-1,4.995023912814868,2.1149476174235273
GCGATTGTTAACGTTA-1,3.3233662728311506,0.4521236157461173
GCGCAAGAGCGCGCTG-1,1.600686317613999,-2.3839330259184
GCGCATCCAGTCAGCA-1,1.5496641675350549,-11.475302857460374
GCGCCTCCCACTCCGA-1,1.8584294129234171,2.838221559739212
GCGCTAATTGAATAGA-1,0.32344772855125803,-2.468436453201492
GCGCTGATCCAGACTC-1,-1.4415072843669055,-12.221037872923674
GCGCTGCTTTGCATTT-1,-1.1904200407488803,-12.812412489833914
GCGGGAACCAGGCCCT-1,-1.183133667254228,-10.498023296142863
GCGGGCATTACGATGC-1,2.5488475153046957,-1.8822688088834947
GCGGTCCCTAGACGCA-1,2.383056141288834,-8.693591728009402
GCGGTGAACTGCGCTC-1,4.322265676031204,-8.436577284428559
GCGTAAATGGCCATAA-1,3.009721555460273,-7.019848960460053
GCGTCGAAATGTCGGT-1,-0.49832867643181455,-9.168039476068921
GCGTGGTACTGGGTTA-1,2.450091049434864,-5.3650589686253864
GCGTTCGGAGACCGGG-1,2.7657587474024323,-10.662114772013513
GCTAAACCTGAGGTGA-1,3.3995236199533307,1.9486906219932174
GCTAAGTAGTTTCTCT-1,-1.9141833505942485,-4.262350185413942
GCTAATACCGAATGCC-1,-0.22151988618425034,-7.198330806260651
GCTAGACCGTCTACTG-1,-1.9722902461726781,-4.106353141136533
GCTAGCACCTGGGCCA-1,2.6989783282039554,-3.8132888325775345
GCTAGCAGGGAGTGGG-1,-1.9503362087486817,-12.653240345268904
GCTAGTTTCATTGAGG-1,0.9211217702786034,-11.014561689587147
GCTATCGCGGCGCAAC-1,2.932336970710304,2.5208022771374887
GCTCATTACTGCATGT-1,1.6278986225349745,-9.81324372360636
GCTCCCAGTCGGTCCA-1,2.121786587601677,-0.40940511046280054
GCTCCGCTCGCTTCAG-1,2.585882838297683,-0.02674741668813081
GCTCGCTCATGTCCAA-1,-2.0716395540757273,-4.1993604685635795
GCTCGGAATTTAAAGC-1,3.4514134935689453,-9.847536313384662
GCTCTAAACCCTGACG-1,1.789397174186309,-9.373890075448882
GCTCTATGTTACGTGC-1,-2.1733162961509955,-5.348658346416661
GCTCTCGGGTACCGAA-1,1.7859383366056045,-9.112724802943193
GCTGAACTCTCCAGGG-1,2.6834422652709464,-2.7384667878157414
GCTGCTCTCCGGACAC-1,-1.7819055570675062,-4.225868021651137
GCTGGCATATTCACCT-1,2.7394396467173605,5.4054906092779005
GCTGTTGCTACCGAAC-1,0.16726639122567832,-2.86827784441873
GCTTAATGTAACTAAC-1,2.66500326920412,5.223108550575882
GCTTACGTAGTTAGTA-1,2.47295141696172,-4.52769824590449
GCTTATGAAGCAGGAA-1,2.887128619225687,-5.2093572283594485
GCTTCCGTCCCTAGAC-1,-1.5890921285306692,-11.830828333501598
GCTTGATGATAATCAG-1,0.42501222495570706,-7.181112680239459
GCTTGGATCGATTAGG-1,3.467018899679577,-8.351374489141167
GCTTTCAGAGGAGGTG-1,3.2640589351561187,-6.796817106436218
GGAAACCTTGTTGAAT-1,3.563941362914426,-8.94305925831366
GGAAAGTGCCCATGCC-1,3.572211672187674,-9.679693399427029
GGAAGCTCGCTTACAG-1,3.415842162432317,3.775416301746491
GGAATAACCTCAAGAA-1,4.002994007167548,2.1642054526833983
GGAATGCGCTAGCGTG-1,2.694925795489176,-6.25814588312959
GGACACAAGTTTACAC-1,2.114429560286535,1.4557618800852774
GGACCTACGGTAACGT-1,-1.8797869984500035,-11.809488599683425
GGAGAAGTCATTGGCA-1,-1.1040299364613335,-6.626863608275385
GGAGCACCAAGAACTA-1,-1.1053848154263948,-12.932227286810901
GGAGGATTGAAAGGAG-1,3.0375952842999863,4.129341337432862
GGAGGCCGAAGTCGTC-1,2.4580317316989264,-1.644551827621545
GGAGGGCTTGGTTGGC-1,3.4318250677185853,-7.038287143490074
GGAGTGCCGCCCTGGA-1,-2.133890365190164,-11.55989818317723
GGATACTCATGAATTG-1,0.1969690358211517,-7.717226308394482
GGATCATCCCGTACGC-1,-2.28964954734963,-12.921825115641576
GGATCCGGAATATACT-1,-0.749894950036182,-3.5636538376795865
GGATGAAGATCGCTGA-1,2.4756933552124645,-0.39183827712724884
GGATGTCCTTACCGCA-1,3.175002144299358,-6.2089357153710205
GGATTCAGTACGGTGG-1,2.2217648429430628,-7.786334838171615
GGATTCCGCTATACCC-1,2.9852883791606533,-9.817599847637572
GGATTTCACTTCTATA-1,3.4293729430860975,-6.623274085407995
GGCAAATTACTTTACT-1,4.047497758927871,3.228724347994689
GGCAATAGTCAATGAG-1,3.44313646935146,-4.754833554275418
GGCAGCGGTAATCCTA-1,-1.1862964153145699,-11.122197653588815
GGCATATCGGTTCTGC-1,-1.371097783596043,-13.036935614076395
GGCCCGGAGCATGTCT-1,2.35580627274436,-0.6460619631831515
GGCCCGTATACCATGC-1,1.5491567855114856,-7.452493153397713
GGCGAAATCTAACTTG-1,2.3924281386911694,4.65438469141753
GGCGCATGAATTGATG-1,4.1270694682857805,3.268853750854507
GGCGGTAGGATCATTG-1,3.3425868887792927,-6.168939610671112
GGCTAAAGGGCGGGTC-1,0.09601846030740413,-11.393156867889015
GGCTCGCGTTGAGGTA-1,3.732109194487894,-7.738334355142698
GGCTCGTGCCACCAGC-1,1.9600741305321727,-6.274991838408203
GGCTCTGCTCCAACGC-1,-2.7240136613853196,-12.562299006999691
GGCTGGCTAGCTTAAA-1,6.169047008598834,1.2680355564598464
GGGAATGAGCCCTCAC-1,2.602349855834281,-10.81419110835617
GGGACTGCATAGATAG-1,0.7719194858403429,-2.533380313887534
GGGAGAACTCACAGTA-1,-1.4626085798545008,-3.9645389613058857
GGGAGTAATGGCTGGC-1,1.8377420454286262,-8.097995965072913
GGGAGTTAATGAGGCG-1,0.12917545726853313,-3.087787984766787
GGGATTTACCGCACCT-1,1.974337216920573,1.3609677380217429
GGGCCCGTCTTAAACA-1,4.379741305679682,3.0674098836970956
GGGCCGGCCGAAGTAC-1,1.1151599662826304,-2.7161935510734976
GGGCGATATGTGTGAA-1,3.3370861606520483,-7.19205133440718
GGGCGCAGCGTTACTC-1,2.6521088899836114,-0.4580363569142301
GGGCGGTCCTATTGTC-1,2.6834168075129905,-0.6362931257754795
GGGCGTACATTTATAT-1,1.1040599369472066,-9.253295428718298
GGGCGTCCACTGGCTC-1,-2.0885916279752683,-13.205913573499068
GGGCTCATCGAACCCA-1,-1.5934930927654822,-13.157884873652149
GGGCTGCCTAGGGCGA-1,-2.0488609878131534,-4.445795160169415
GGGCTGGTTAGTCGCG-1,4.733635914679821,2.287740771924511
GGGTACCCACGGTCCT-1,4.297414904153851,0.3285430762646823
GGGTATGTATGCACTT-1,3.978821152096187,2.8015154947699514
GGGTCGTGGCAAGTGT-1,3.241880598781542,-10.786648410851265
GGGTGCATATGAAAGC-1,3.725147263416408,-8.234442920847766
GGGTGGTCCAGCCTGT-1,2.1988481791357515,2.8776680204712113
GGGTGTTTCAGCTATG-1,1.1059842532236126,-9.053305358335566
GGGTTTAGGATAGGAT-1,-1.938878272068454,-3.985357131633298
GGTAAATGTGCGTTAC-1,2.8400452502685316,4.759629097416712
GGTAACTATGTATCTG-1,1.8244865787434141,-8.039489381505504
GGTACACCAGATTTAT-1,2.2018871048966777,-5.116051379850197
GGTACCATTAAGACGG-1,-1.9975772723163274,-12.131975028898152
GGTAGTGCTCGCACCA-1,-1.5689484316318392,-3.9177630609364944
GGTATAGTGACACATA-1,2.2914433179878024,-5.114852610189511
GGTATTGCCGAGTTTA-1,2.9841636924893415,3.5779952516490754
GGTCGGATAAACGGCG-1,3.9702402143533324,-9.377091990413396
GGTCGGCCAGGAGCTT-1,2.4876437737892894,-5.620490249377827
GGTCGGTAATTAGACA-1,0.8623136600128892,-8.039580268560131
GGTCTGAGAATCTGGA-1,1.4769674016435859,-11.145941975234962
GGTGAGATGCAGATAA-1,-1.1310672873243082,-11.837255958398478
GGTGATAAGGAGCAGT-1,2.8369256498317346,0.09080458998855556
GGTGATTTCATCTTGT-1,0.3126925809309099,-7.43541046750819
GGTGCGGATAAGTGGC-1,1.9684672160237644,-7.995325117817799
GGTGCTGATCACAAAG-1,2.146348730142022,3.2122213282901324
GGTTACCCGACACTTT-1,2.7958944174938587,-3.9995079423851045
GGTTAGGCTTGGAGAA-1,2.8108177708490643,5.533064077489397
GGTTAGTTACGGCGCC-1,2.110755993301856,2.002701124474975
GGTTCTACTCGTCTGA-1,2.2586078989830045,-2.2865432055957613
GGTTTAATTGAGCAGG-1,2.2917942241443714,-5.078232137302567
GGTTTACAATCTCAAT-1,-2.3279294371758796,-12.295014403352864
GGTTTAGCCTTTCTTG-1,2.165191719875878,1.2744607616940957
GGTTTCAATCGGTCAG-1,3.213341958717387,-7.06193642229395
GGTTTGAGTGCTGGAA-1,1.5214487068569236,-7.775328988672841
GTAACTTGCGGCAGTC-1,1.4183755164566736,-7.227445332951602
GTAAGCGGGCAGTCAG-1,-2.425468465958564,-11.772877163577899
GTAAGGATTTGTCGGA-1,3.990604557269143,2.3884654687677815
GTAAGTAACAGTCTGG-1,2.020884196549775,1.6287388121744717
GTAAGTAGGGTATACC-1,-2.361350698148644,-4.792590365934219
GTAATAAAGGGCTCCC-1,0.5355902727231964,-11.60508743261939
GTACACTTACCTGAAG-1,5.365217180426529,1.9616038968723444
GTACAGAGGCAAGGGT-1,2.244445621660387,-1.0678204619302363
GTACGACGGCGCTGCG-1,5.254831679064476,0.7614923750012043
GTACGAGATTGCGACA-1,0.39470417698563676,-11.30739274319879
GTACTAAGATTTGGAG-1,1.777914438834838,-8.911763638981778
GTACTCCTGGGTATGC-1,-0.21086345059455583,-12.353433149033961
GTACTGAGGTCGTAAC-1,1.763264628174841,-7.410719156568007
GTACTGCATGAAGCGT-1,0.8005003197508916,-7.707884720639441
GTACTGGAGTTAGACC-1,3.383645957055252,-5.967790952610514
GTACTTGGGCACTTCT-1,2.538806431956905,-8.759063511390748
GTAGACAACCGATGAA-1,4.003432672068381,2.2173501642710733
GTAGACGTCGTTACAT-1,1.6223813990974174,-8.143847273970858
GTAGCTTCCTCTTGTT-1,3.3264607900669905,-4.625522104890113
GTAGGTGATCCGTGTA-1,0.6444713270130751,-11.452287671732394
GTATAATCTCCCGGAT-1,6.123659201418123,1.3497511151062467
GTATAGGACTCAGTAG-1,-2.5204596069933793,-11.769559331990548
GTATCAGCTTGGGTTC-1,2.4077137479386375,-7.6593903597218
GTATGTGGGTCTAGTT-1,-2.1200881349057084,-4.398597999206869
GTATTAAGGCGTCTAA-1,3.850519193154677,1.3453394896181161
GTCAAAGTTTACATAG-1,0.5987112651136514,-6.741060635485488
GTCAAGCGGACTCGGG-1,2.3515877370111764,4.424029351081422
GTCACAAAGTTTCCAA-1,2.9412049147402692,-0.013790855776961408
GTCACTCTCCAAATCT-1,-2.3215133026909944,-4.480292631414008
GTCAGAATAGTCTATG-1,3.0021236458008453,5.297320990540542
GTCAGTTGTGCTCGTT-1,4.679480367679983,1.687884939366052
GTCATGCACCTCCGTT-1,3.24923693996912,-6.171523974138289
GTCATGGACATGACTA-1,2.5533019515177395,-9.102025209926872
GTCATTAGAGCGAACG-1,2.051356412903945,1.9628605259604315
GTCATTGCATTGACCC-1,5.542054839961061,2.0033602146394767
GTCCATTACTGCTACG-1,-0.4960968358713339,-2.92846037656233
GTCCCAACGTAAAGTA-1,-0.6380510371902205,-3.4921753355597915
GTCCGGCTGAATTGCG-1,-2.2349789351758873,-4.742266313878798
GTCCTTCTAGTGGGTT-1,3.30419457851412,5.049999375325293
GTCGGATGTAGCGCGC-1,-0.7411664663569068,-11.140233926017755
GTCGTATTGGCGTACA-1,2.0407200872372164,-11.53290611227474
GTCGTCAATTATAAGG-1,1.5552008281063172,-8.6046976680642
GTCGTCTGGTTGGCTA-1,2.4439979436747543,-3.7250420185998325
GTCGTGTCTGGTCATC-1,-1.713819899372148,-11.175324767661515
GTCTCGACTAAGTTTG-1,-0.13163651854076713,-12.364550367255106
GTCTCGATCTGCTTTC-1,2.671888621333199,-10.148150907822316
GTCTTAGTACAGCCGG-1,0.08183408878650789,-8.148801124327372
GTCTTGAGGAGCAGTG-1,2.5365399343192743,-2.0190237100995767
GTCTTGTAGCTATTCA-1,2.344043704716013,0.7126414121951774
GTGAAACGGCGCCACC-1,0.6512376302730079,-11.846905443172949
GTGAAACGTGCTCCAC-1,1.4501332979506631,-7.565721792790418
GTGAACTCCCATTCGA-1,-0.30132961839199474,-12.28785670631357
GTGAAGATTTCAAGTG-1,3.92315658516269,-7.873743309197522
GTGAAGCCGTATAGTC-1,4.092767505385756,-6.643637194045752
GTGACCGCACACTACG-1,0.8332541561136332,-2.128165955081734
GTGACGAGGGTGACCC-1,2.4915459876924313,-3.691446192859649
GTGAGCGTGCTGCACT-1,4.234348269530876,2.1376394743957725
GTGAGGAGCGGTTGAG-1,-2.3940121479362246,-11.086818691952551
GTGATCACTAACGCCT-1,3.239201527478279,3.3969935328130747
GTGCAACAAATGTGGC-1,1.018284791281018,-9.625927151725762
GTGCACGAAAGTGACT-1,1.8136600176969873,-8.708768467841926
GTGCCCGTTCGGATTC-1,2.0460696630545776,-0.7222272741748671
GTGCCTAGCTATGCTT-1,5.778785484641946,1.3198380884003478
GTGCGACAGGGAGTGT-1,2.2494498630689663,-5.394404663953341
GTGCGGGTCTCCAAAT-1,-1.8496846311792694,-11.755450678618574
GTGCGTGTATATGAGC-1,2.4874708600855557,4.691759743428876
GTGGAACCTACATGCG-1,-1.7041976257022142,-12.871589184971715
GTGGACGTGCTGAGAC-1,2.1573012931525177,-6.808461061271166
GTGGAGCATGTCGGCC-1,2.48420183777568,-2.7446140237708705
GTGGTTACTTCTTTCG-1,-0.3530822525870592,-12.512578403601177
GTGTACCTTGGCTACG-1,0.487934203012709,-11.667637903077885
GTGTGAATAACTTAGG-1,3.203752874649697,-6.815818554249157
GTTAACTATGTTGTCA-1,2.1717127061531487,-0.1089744750525295
GTTAAGTTAGAGTGGG-1,2.3917421188463974,-3.0824525335682598
GTTACTTTGGGCCTAG-1,5.122388036035878,2.352963488560022
GTTAGAGTGTGCCGCT-1,3.3398002160103006,4.843428716741287
GTTAGCCGTAAATCAA-1,4.152461683187666,-8.06782038509598
GTTATATCAGGAGCCA-1,2.8540489151763113,-8.597219199895873
GTTATCACCTTCTGAA-1,3.5480674572670132,2.6391411989581353
GTTCATCGTTTGGCTG-1,3.8490192617577357,-9.236647150859186
GTTCCAGTCTGACCAT-1,-1.7639616976466783,-11.77058993365783
GTTCGGATCGGGAACA-1,2.228415476888535,-0.32554797392388096
GTTCGGGCGTACCATT-1,3.6819259669355215,-8.546324566109552
GTTCTTCCCTCGATGT-1,-1.957573007166367,-11.34577103910036
GTTGCACGGAGTTTCG-1,-1.184272515616948,-6.5864282467098
GTTGCGCTAACATTAC-1,2.718689081882034,-3.142292579429152
GTTGGATTCAGTGGCT-1,-1.8697613588281878,-13.426898077748948
GTTGGATTGAGAACAC-1,3.312651986525469,-7.638856497802275
GTTGTCGTGTTAGTTG-1,2.1213285086021387,-6.968163641008361
GTTTCCTGGAGGGTGA-1,-1.0159635937065092,-6.813169700970296
GTTTGACCAAATCCTA-1,-2.3198896279171555,-4.497720676079784
GTTTGGCCGCTCAGCG-1,6.1811080368315805,1.203380979999559
TAAAGACAACCCTTTA-1,2.714576029643312,-2.618474255686643
TAAAGAGCCCGAAACC-1,1.8990811137886319,-7.742451752732129
TAAAGCGTTAGGAGAA-1,3.662413527205883,-10.34574752042066
TAAAGCTGCAATAGGG-1,-2.2953580491679304,-13.092483359148435
TAAATGAATCCGTTTC-1,-2.2740101406852573,-4.990874916221664
TAACAAAGGGAGAAGC-1,2.084877612580286,-7.3351683253519
TAACAATATTTGTTGC-1,2.9879420564321677,5.092087501810646
TAACATACAATGTGGG-1,2.104577225428657,3.292869161840029
TAACCGCCCGCAGTGC-1,0.8041982229766929,-7.512243592685626
TAACCTACCGTCCGAG-1,3.6047980349098823,-8.286224480603645
TAACGCTTTGAGAGCG-1,3.7520860389412025,3.2341713069461364
TAACTATCGAAGGTCC-1,-2.1218166010603294,-5.273702126223378
TAACTATTACGCCAAA-1,-0.5545784762698869,-12.48460017370457
TAAGGAACTTGTGGGA-1,1.424302706229489,-7.7356369100373605
TAAGGCAACATAAGAT-1,-2.3176078082263003,-12.435386690666252
TAAGGCTGAATCCCTC-1,2.035402647392107,2.3982752526319664
TAATAAACAAGGAGAT-1,-1.8494752445034803,-12.681788819402835
TAATACACAGTAGTAT-1,-2.6769181213402002,-12.209873603755874
TAATAGTGACGACCAG-1,-2.3104160706772245,-12.06565130916294
TAATATTGAAATTCGC-1,1.5433461321009272,-7.54670382042501
TAATCGATCCGTACGT-1,-1.3830568200916136,-13.174332504271083
TAATTAGATGGATATG-1,6.093426232756575,1.472830412725438
TAATTAGGACATCCGT-1,-0.15161205686573634,-2.684451636873417
TAATTGGAATCGGGAA-1,-2.568499886577239,-13.014801387598332
TACAAGTCTCGTGCAT-1,3.7207545160079913,3.4764189819318223
TACACCGTCGTTAGTC-1,1.9869841776550956,-7.175708435647851
TACCAGCTAGGTTTAA-1,-0.1482925255513852,-8.075628655061234
TACCGCGGACTTGCAG-1,3.2955540535039676,-7.282275398759955
TACCTCACGCTTGTAC-1,-2.34813453513878,-12.495622087700319
TACCTGCTGCACTGTG-1,3.223672877307628,2.0750793853225438
TACGAACACGACTTCA-1,5.782912240859588,1.2383644031981145
TACGCTATAGAAACCT-1,3.124308285179017,-7.025902728018726
TACGGGATGCTAGCAG-1,1.5690074582882685,-11.284845152363397
TACGTGCACTATGCTG-1,2.2770365689107575,-6.376029139681174
TACTCTCCGAACAAAT-1,2.29533215263186,-10.730256655140481
TACTGCAATCAATTAC-1,1.9923685637958415,-10.072699620275435
TACTTGTTAGTAGTCC-1,0.806556389733753,-2.6671186102839886
TACTTTACTGAGCCGG-1,2.9637679950621125,-3.8339766559130326
TAGAAAGGTGGCGCTA-1,3.1290271163638566,-7.139546029313464
TAGAATTAAGGGCAAC-1,4.8124123017869405,2.114938287107082
TAGACGCCCGTACCGG-1,3.40089141870023,-7.650398504988587
TAGACTACCTAGCGTT-1,2.4294215519101447,-3.2328542914635503
TAGAGCTACGAAGAAC-1,-2.6188242178884376,-11.422186414642093
TAGAGTCTAAGCGAAC-1,-2.245706108059706,-4.697979724395405
TAGATCCGAAGTCGCA-1,4.004120742182835,2.786555116135098
TAGATTCCTGGTTATT-1,5.470325067746461,1.9396997697328877
TAGCAACCTGTCACAA-1,4.755408294427158,1.191908158643403
TAGCCATTTCAAAGTC-1,2.0937836066440068,0.5017554333498936
TAGCCGGCGGTCAGCG-1,2.7006211584279796,-6.850412584232339
TAGCGTCCCTCGATTG-1,2.3827694008534883,-0.21122130033084752
TAGCGTTGGGTCTTAC-1,2.1017597178840335,3.5753184466152175
TAGCTAAGTCCGGGAG-1,-0.7187535069811624,-3.565431827848576
TAGGCATGTTACGCCA-1,2.5876007012769175,-11.042467277146644
TAGGGAGCTTGGGATG-1,2.4571535153903348,-5.281823828902107
TAGGGTGTTTCAAGAG-1,0.7417484804576342,-8.927397618215096
TAGGTCCAAGTAAGGA-1,5.391498538037359,1.6956729223913092
TAGGTCGCCGGAACTG-1,3.789158962199888,-8.38370877719577
TAGGTGAGCCCTACTC-1,3.0989975811714943,5.442890047253455
TAGGTGCTCGCCTAGC-1,1.941629105207254,-0.013316334815633869
TAGGTTCGAGTTCGTC-1,0.6819611977156597,-2.5437282524548497
TAGTACCTTAGTGGTC-1,2.4809839527650643,4.378262204837994
TAGTCTGTGACGTTGC-1,4.107164863358529,-8.480176428477302
TAGTGCCCTCCAGAGT-1,2.5749069090703074,3.233106357278112
TAGTTAAGATAGGATA-1,0.2703074820637817,-8.585400415573046
TAGTTTATTCTTGCTT-1,-1.393962229638934,-11.173099919825821
TATAAATCCACAAGCT-1,0.4888954503851765,-7.269377713399063
TATAAGTGAGGATAGC-1,-0.5312457785890248,-8.217151406706932
TATACACGCAAAGTAT-1,2.810132953479472,-9.0320140444532
TATAGATGGTCGCAGT-1,2.357921414878335,-4.258414743285284
TATATCCCTGGGAGGA-1,2.3628874262362745,-5.467118551597222
TATATTACAAATGTCG-1,-1.8254911073567577,-13.272235072973459
TATATTCGCGTCGATA-1,4.987409131698556,1.745211787577207
TATCACAGCACGGGCA-1,2.9675369796775155,4.791950262865012
TATCACCCAACCGACC-1,2.8052890637951218,-10.941712532021704
TATCACTTCGAGTAAC-1,-1.3163149767725537,-12.697202026502918
TATCCATATCATGCGA-1,-1.8171389474351967,-11.959817526565383
TATCCTGCATGGGAAT-1,-1.7796395155927383,-10.989282697736828
TATCGATCTATGCATA-1,3.011420697205847,-10.154149342192698
TATCGATGATTAAACG-1,-1.0361248993105092,-6.9058694405089565
TATCTACAGAGGTAAT-1,4.280088020855185,1.0273344513542242
TATGAAGACAGGTGCG-1,5.545402058840165,1.7144362703597609
TATGATCCGGCACGCC-1,2.2104754020727566,-11.472296714764301
TATGCTCCCTACTTAC-1,2.2553609263251535,-9.264342386587806
TATGGATGTGCTACGC-1,1.2756565092350118,-9.044497507908439
TATGGCCCGGCCTCGC-1,3.2422872656365866,3.7214471546312318
TATGGGTACGTATCGT-1,1.4704157129763573,-1.4494722698813245
TATGGTTAGTGGGAGA-1,0.49695365529366753,-2.9001817045872773
TATGTCAAGACCGACT-1,4.253264640467129,-8.958688593328537
TATGTCTCATTGTGCC-1,-1.1974512728337705,-11.521382016716847
TATTACCATCCTGCTT-1,2.5774185538680574,-3.1276280282845437
TATTCAATTCTAATCC-1,-1.7592919389380044,-4.044544518905049
TATTCCGGCAGTCCTA-1,2.6914714510281015,2.218353569594787
TATTCGTGCCAGAATA-1,0.14593748258884795,-2.930936739051054
TATTTAGTCTAGATCG-1,-2.4135890882805757,-12.255757200007741
TATTTATACCGAGTAG-1,-2.1095979202778774,-12.641299736507223
TATTTGTTACCCTTTA-1,-1.2837233628138576,-6.461927615079854
TCAAACAACCGCGTCG-1,2.1662508975030423,-9.19067256775487
TCAAACTTAGATTGTT-1,-0.2580372906346004,-3.281327273071665
TCAACACATTGGGTAA-1,-0.5256325969047834,-7.783526446793136
TCAACCATGTTCGGGC-1,-0.7570410484351539,-7.241756985233874
TCAACGAGGAGACAAA-1,4.416731233555645,2.936530505733477
TCAACTAACGTATAAC-1,5.147623272853764,2.2446498156542463
TCAAGAAATACTAGCT-1,2.3791409925906635,-6.500486286809801
TCAAGGTTACTACACC-1,2.1483120963135574,1.8482003136784566
TCACAGGTTATTGGGC-1,2.8464948870383933,5.426079285127992
TCACATCTTATCTGAT-1,4.947229996374222,1.8981547172278652
TCACCGCTCGGCACTC-1,4.034731377484865,-6.447541536962341
TCACGGTCATCGCACA-1,-1.0350951856051838,-6.789261250473946
TCACTACGACCAATGC-1,1.1608705083398445,-9.644067494024442
TCACTCGTGCAACGGC-1,-1.8982897823741491,-12.730439953352928
TCAGAACCTCCACAGG-1,3.0133355481594313,-10.975243303416338
TCAGCAAATGCATCTC-1,3.8483821879256244,-7.114462503938804
TCAGGGTGTAACGTAA-1,3.154402170413741,-9.866787450077817
TCAGTACTGACCCGCG-1,-2.3641097182887183,-4.935780082390797
TCATACTTACAGATCC-1,2.996499995617933,1.7201412207916675
TCATCACTCGAGCTCG-1,-2.2499980734590794,-4.834608254155351
TCATCCCAGAGGGTGG-1,0.06528819769076787,-8.40259561405619
TCATGCAGGTTCTCAT-1,4.284603149590956,-8.7825428332405
TCATTTAAGTCTCCGA-1,2.3388185716239063,-5.517279118134254
TCCACTTTATCTAGGT-1,3.8221919970919846,-6.611356211945884
TCCAGATGTACGCCAA-1,3.555011011016628,-7.713977883199296
TCCAGGCGAGTACGGT-1,1.7492655935528676,-1.3062126690643616
TCCATTGTGACCTCGT-1,3.446082138237809,3.2890834217506106
TCCCAAACAGACAACG-1,3.4369829990660823,-5.030713894685723
TCCCAAAGACGAAGGA-1,2.0859078490199883,-9.32423710091377
TCCCAAAGCCCTAAAT-1,2.146271130909915,-0.945748112704707
TCCCACTCTCTTCCGG-1,2.680135489148523,-11.340706226683315
TCCCAGCTTTAGTCTG-1,2.4099938450924347,4.072777365705712
TCCCAGGCTTAGCTAA-1,3.085957249155799,4.010158074289023
TCCCGCCTATGTGCGT-1,2.5702862116051044,-2.355301233066463
TCCCGCGTACTCCTGG-1,3.8351035191732668,-8.286904058035612
TCCCGTCAGTCCCGCA-1,1.613116134029405,-10.589521118842272
TCCCGTCGCGTCATAG-1,2.1064149494177564,-5.7461371396677
TCCCTAGATCAATAGG-1,4.003513414945076,-8.487564961199038
TCCCTGGCTCGCTGGA-1,3.34961886140379,4.053064613181173
TCCCTTAGATTACTCG-1,2.982484892326123,-10.96718481528781
TCCGAACTTGGCTTAC-1,4.541837851219626,2.834160906806866
TCCGAATGGTCCTGAG-1,2.936268398934712,-6.666760300695358
TCCGATAATTGCCATA-1,-1.5153276949659942,-11.353965668142452
TCCGATGACTGAGCTC-1,3.4694280390998338,-8.759771395368668
TCCGATGGTGCGACAT-1,1.000596219665068,-8.931146567836223
TCCGCGGCAGCATCTG-1,0.37449384369440863,-3.178041994246597
TCCGGCCTAGCGTACA-1,-1.7588918887301175,-13.165206283732948
TCCGTTTAGCCTTGAA-1,3.9457044911365466,-5.953070831477537
TCCTCTACGAGATGGC-1,-2.143623902245817,-5.221531187609604
TCCTCTCCAGTTGTCC-1,5.398208440557697,1.800848442112629
TCCTTCAGTGGTCGAA-1,0.6408232870497798,-8.556828833867135
TCCTTTCTTACGCTTA-1,3.3534021592186893,-6.075403985160747
TCGAAATTTAGGACCA-1,2.49978974535336,5.131907575638621
TCGAAGAACCGAGCAC-1,2.7515968487190565,-0.10050890458582126
TCGATAGGCTAGTCGC-1,5.689914330295287,0.9768484905172753
TCGCATCCCTAAGTGT-1,1.7853805394379674,-7.745233461381445
TCGCATTCAATGACTT-1,2.695407862501431,-0.8386777404391055
TCGCCGGTCGATCCGT-1,-1.64868484591733,-11.962408270866087
TCGCGTCCAGAAGGTC-1,4.512878911129091,2.044432231053916
TCGCTAAACCGCTATC-1,3.9626735133184208,-9.364181899069711
TCGCTCGATATATTCC-1,3.6819179352651483,-6.556628770661242
TCGCTCGGCACCAGCG-1,4.265401410519395,-8.555481539617512
TCGCTGGGCGGATTGT-1,2.0057992122304094,-11.024056256938167
TCGCTGTGCGTAAATC-1,2.091080334884068,-7.79840752917718
TCGCTTTAAACGTTTG-1,-2.181914897005308,-12.931794816922691
TCGGAATGCGCTCTGA-1,5.50970164201161,1.6553719410511796
TCGGACGCCCAGCCCA-1,3.262341682007557,-5.911129585977122
TCGGAGTACATGAGTA-1,3.496718541214927,-6.6337885394706495
TCGGCGAACCCAAACC-1,3.1504151442582273,3.8536169813844086
TCGGGAACGTGCCTAG-1,3.9227838882261454,-9.472808125872792
TCGGGCCGTCGTGGTA-1,2.120036621230922,-0.40176304621225317
TCGGGTGAAACTGCTA-1,0.0325730698161006,-7.800966706689244
TCGTAAGACGACATTG-1,-2.2378631058459697,-11.219725587873167
TCGTAAGCTCCGAGGA-1,-1.9490097415183243,-12.423244059051333
TCGTATAGTGCAATTA-1,-0.2573305695168148,-9.513982570178955
TCGTCACACTGTTAGC-1,3.908656827796083,2.793871332745265
TCGTCCGCTGGCGTCT-1,0.30252511266244264,-7.118988837540597
TCGTTCGTTATTATGT-1,0.0610066068060189,-7.727229746738644
TCGTTGGCTCGTCAAT-1,6.004995096333547,1.400963841946985
TCTACCGTCCACAAGC-1,3.529694031376937,-9.065282841886997
TCTAGCATCTTCGATG-1,-1.098706866486966,-6.7159694230458635
TCTAGGTGGCGACGCT-1,-1.2291209109769305,-11.269673704269183
TCTAGTGATATCGTGG-1,2.3186294032748993,-0.32794622060099077
TCTAGTTATCAGAAGA-1,2.588474959782638,4.763202814665123
TCTATCATGCAGTTAC-1,1.3514515040413506,-7.751352194222844
TCTATCGGTCGCAACA-1,-2.65086173130809,-12.545298174519395
TCTATTACGCTGGCGA-1,1.6475593548743184,-9.553978197444668
TCTCCAACGTAGGTTA-1,2.387131569309167,-9.848712881492325
TCTCGACGTATCGCCG-1,2.115572739905472,1.469216180725754
TCTCGGCTCCAGGACT-1,5.012200221034039,0.9687042366704842
TCTCTAATAGCTGGTA-1,1.2163868981411814,-7.9830188863097495
TCTGAACCGGTCGGCT-1,1.7058709910362146,-7.095865800732729
TCTGAATTCCGTACAA-1,2.4861477800869562,-5.62238887246173
TCTGACGGGCTAACCC-1,2.5367839273768094,-5.732636082442856
TCTGATTGGAAATGGA-1,2.964766058029759,-4.255532284126808
TCTGGCCGTTCAAGTT-1,2.4796815189675097,-1.7075446631413502
TCTGGGAACCTTTGAA-1,-0.28908717206574547,-2.9564294430104536
TCTGTCATACAAGAGC-1,1.6982368563688839,-8.29831674574896
TCTGTGCCATCATAGT-1,3.35880037050991,-6.647604915599962
TCTTACAGAGGTACCG-1,2.1456592671790213,-8.01623389809334
TCTTACCGGAACTCGT-1,1.9310310747142196,-11.094024755743362
TCTTACGGCATCCGAC-1,2.0627556372117852,0.6921396828946556
TCTTACTTATGCCTCT-1,1.9892983684981298,3.0896864608258765
TCTTAGAGCTCCAATT-1,2.0686782192343025,-0.5325700551392845
TCTTAGAGTGAACTCT-1,1.0881257845050016,-1.7471636120199072
TCTTCCCATGGGCACA-1,3.7239119722772585,-7.528953520274825
TCTTCGAATAGACGTT-1,2.5150748483245025,5.193319547124879
TCTTCGATACCAATAA-1,-1.5239297242052243,-4.173047220299122
TCTTCTATAACCCGCC-1,2.0579067835489133,-0.4539174451547863
TCTTGATGCGTAGCGA-1,-1.3441837995583379,-3.9483950815900277
TCTTGGTAACACCAAA-1,-2.797204992565022,-12.459024974951738
TCTTTAAGACTATGAA-1,2.47328972391767,-5.652308855096761
TGAAACTTATGCAAGC-1,0.08087530863005958,-8.377837103446907
TGAAAGGACCTGACTC-1,-1.3177563788718616,-3.744596639781546
TGAATGTCAGCCGGCC-1,2.043240124873691,1.1338414440387072
TGACACTTCTCTTTGC-1,-1.535099395120842,-12.920847105216406
TGACATCGAGCGGACC-1,2.718794806860365,-6.287772664215465
TGACGATGCACTAGAA-1,2.9996397301845446,-5.722948646656692
TGAGAATGCTTTACCG-1,-1.7588326056093924,-11.869836067277022
TGAGAGATTTACCACG-1,1.9865642892930473,-0.6626185711365563
TGAGATCAAATACTCA-1,4.776030157913554,1.5875212702089068
TGAGATTAGGCCCTAA-1,-2.3054660393471855,-12.903732390745203
TGAGCTTTAATGACGC-1,3.3227906212015057,-9.790384542294298
TGAGTGGTCCGTGACG-1,3.868534381060219,-10.090085567574398
TGAGTTAAAGACATTC-1,2.426470564265761,4.915608328240833
TGATCCCAGCATTAGT-1,-1.566217260290915,-12.984442370021073
TGATCGGTTTGACCCT-1,-0.9340606776423439,-3.7157351233202367
TGATCTACGCTGATCT-1,-2.1127880005375976,-12.990694949632672
TGATCTCCGGCGCCAG-1,-1.935602552390971,-5.470595588741201
TGATGGCTGTTTCTGA-1,2.51100257602174,-5.527592097642587
TGATTTCCTCCTGACG-1,1.7177192141184605,-10.34424867697156
TGCAAGAATGACGTAA-1,-1.2341174047734595,-3.7971347510149998
TGCACGAGTCGGCAGC-1,2.1023830638464793,1.693012081225088
TGCAGGATCGGCAAAG-1,-1.3057026327148538,-11.167706670652763
TGCAGTTTCCTCCCAT-1,1.7857567633313562,-1.6432721631241698
TGCATATGTCTGTCAC-1,-2.037713767846501,-4.432974356481081
TGCATGGATCGGATCT-1,0.6186744500193408,-10.134468359494766
TGCATGTGGTAATCTA-1,-2.7476748687712234,-12.385561010063581
TGCCACCTGGCGAAAC-1,2.6000344871899936,-9.94960924336023
TGCCATTACTAAAGAA-1,4.0227764596665025,-8.462013413249029
TGCCGAAAGCGTATTC-1,2.6595275361335142,-3.2088199678863605
TGCCTAAATTTAATAG-1,-0.8861060783376834,-6.9645753893138185
TGCCTGATCAAACGAT-1,1.432138229809263,-9.885159882565574
TGCGCAAAGCATTTGG-1,3.392215619142893,-5.859268170604648
TGCGCGATTAACGGAG-1,3.1116863688883396,3.622642727591582
TGCGGAGTAAAGGTGC-1,1.2845973562284112,-10.90753038874339
TGCGGCATAGTTCAAC-1,-2.1693552113715038,-11.292225000594202
TGCGGTGAAATTTCAT-1,0.07557597398048675,-8.185476980413156
TGCTATACAAACGGAC-1,2.3689973021579838,2.709608837281341
TGCTCCACAGTTCTTA-1,1.952992220792872,2.8547427500619995
TGCTGGTTGGACAATT-1,0.34840613516735297,-7.536871073261993
TGCTGTTGAAGAACTC-1,2.503655521700287,4.718668930715745
TGGAACCACTGACACA-1,3.1788763601150003,-9.946894752137226
TGGAAGACGAACACCA-1,2.0515493631410147,-8.491246106232273
TGGAAGGATAAAGATG-1,0.0317797484998961,-10.881601600816586
TGGAATATCCTTGACC-1,3.3021920483110914,-9.493063070199963
TGGAATTAGACGCTTT-1,2.5318461381261987,4.832491603333519
TGGACTGTTCGCTCAA-1,2.5814430711242426,1.946574794708427
TGGAGCTAAAGTTCCC-1,2.2648996130481915,2.9707290859425286
TGGAGTGATGCGATGA-1,3.062733537141705,5.554830919640904
TGGCAACTCGCGCGCC-1,3.4885363173050186,-10.163350741323404
TGGCCAAACTGAAGTA-1,-2.3547982721458696,-11.85496601171196
TGGCCGTATATTGACC-1,-2.135966522576043,-5.246932387814502
TGGCTTTGGGTAGACA-1,1.2351722668342084,-8.885014347804015
TGGGAAATGCCTTTCC-1,4.624573802471574,0.9811702893773826
TGGGCAATAGTTGGGT-1,2.0884577905014985,0.24353646974211796
TGGGCACAAACAGAAC-1,5.837884441055568,1.0149389492556689
TGGGCACGTTCTATGG-1,-2.835551122574497,-11.649754981005177
TGGGCCACAAGAGCGC-1,1.7267693037000682,-9.526173903004324
TGGGTAAGGTTCCCGC-1,0.20935384255124245,-10.104894488618013
TGGTATCGCATCCCAA-1,3.8612751618879666,1.84726276723045
TGGTTAAGGGCGCTGG-1,3.8670240487766074,-9.123293590050054
TGGTTCGTAGCAAAGG-1,0.9414929402221337,-9.212461778901412
TGGTTTAAACGTGGGT-1,2.9165409355435425,-11.172080547717842
TGTAGGAGAAATTTCC-1,3.1343247256528746,-6.221349568685668
TGTATAACAGATCCTG-1,-2.700585328356133,-11.466217990251915
TGTATCCTTATTCCAT-1,1.570275754552837,-7.6130257799277254
TGTATGGCGCAGACAG-1,2.051893318081109,1.0652430620576052
TGTCATTTGTTGGGAA-1,3.097207664070366,-3.7889606628024652
TGTCCCGACATAGCAC-1,-1.5201343747855967,-10.847109659540054
TGTCCGTGGCGCCTTT-1,5.116351331962313,2.088512577433148
TGTCTACAGTTTCTGT-1,0.22671953902936956,-7.390753257962775
TGTGACTACGCCAGTC-1,2.1882436353917423,-10.004383843592192
TGTGGCAAAGCGTATG-1,3.8421016850289216,-10.128111005078088
TGTGTCGCGAGTTGCA-1,-1.8127655318361968,-5.635963022076831
TGTGTTCGTATCCAAG-1,5.691760142561703,1.7935639773583247
TGTTGTCAAGAAGTCT-1,2.600137413743137,-10.967181067306404
TGTTTAATACTTCATC-1,2.795767412301489,4.607003813009561
TGTTTCGGTACTTCTC-1,-2.0168914557267126,-12.38047025221381
TTAAACAGAGTCCCGC-1,6.0969356300703,1.2756794775830858
TTAAACCGGTAGCGAC-1,0.04462562114559914,-7.452281663161592
TTAAACTCGAATTCAT-1,3.700545721822197,-7.827149160842342
TTAACACCTCGAACAT-1,3.331680109440181,1.2806867059156097
TTAACCAACCCTCCCT-1,-2.37434735461197,-11.653233283955846
TTAACGAACAAGCAGT-1,2.4121688992382486,-6.018047164482294
TTAACGTCGCAAGACC-1,0.4023726959285285,-7.318056336692013
TTAAGATAGGATTGAC-1,-0.23634660886259912,-2.8244937000022685
TTAAGCCGACAACTTC-1,0.8002680707722923,-9.043172444878232
TTAATCAGTACGTCAG-1,1.6657976226113127,-10.06303892950246
TTAATGTAGACCAGGT-1,3.2160352739177585,-4.103032248513119
TTAATTTCAGACGCGG-1,1.6272601098624215,-8.27910404308747
TTACAACTACGCATCC-1,-0.652227996715953,-7.539845411791474
TTACAGACCTAAATGA-1,-1.3272853643077862,-12.313776136972907
TTACATCGTGGCCTGG-1,2.2815688623689248,-7.23344381658097
TTACATGCCACAACTA-1,-0.20323311353116705,-2.944629133130126
TTACCCATTGCCGGGT-1,-1.9206645985023296,-13.325216181580418
TTACCCTAACAGTCCT-1,4.276876105986108,1.1959272451471024
TTACCGCCTTAGGGAA-1,5.8376889815869015,0.9809308311541988
TTACGGATGGTTCGAG-1,2.522307139065213,-5.633908131677061
TTACTCCGGCCGGGAA-1,-1.5148217884177138,-3.8472156454107846
TTACTGGGATATTTCA-1,4.793431410561118,2.701678270499067
TTAGACACGATCGTTG-1,-2.1908515289250072,-13.003521775231981
TTAGATAGGTCGATAC-1,5.4674554227939876,0.9646907440376067
TTAGCAACATGGATGT-1,3.3745771310240005,0.5326176194540545
TTAGCTAATACGATCT-1,3.5023780905880497,-9.897763635602203
TTAGCTCTGTAATCCG-1,4.526878141615362,2.811703067034334
TTAGCTGATTTGCCGT-1,0.04060094511776329,-3.123323586763831
TTAGTAGGGCGGCGGG-1,3.6988649354858354,3.792924551604941
TTAGTTCAAGTGTTCG-1,4.068903783142918,-7.94357694527582
TTATAGATGCACATTA-1,3.5211420405073137,3.060569949978719
TTATATACGCTGTCAC-1,2.053298871636284,3.39591415131754
TTATATTTGGCAATCC-1,3.72820370428696,-8.229393065453909
TTATCCAATCGAACTC-1,1.7764970827998166,-7.188090735525828
TTATCGCCTGCGAAGC-1,3.249493654474431,4.69840540610864
TTATCTGTATCATAAC-1,-2.197339638356586,-12.479315264751365
TTATGACAAACTGGAT-1,4.454804737434237,2.73708375032896
TTATGATCTTAACGAA-1,2.4783983454540723,-0.16345297090564775
TTATGTTTGCGATAGA-1,2.6300235764490356,3.9264589744325447
TTATTAGGGAAGCATC-1,-1.4208109285148862,-11.000364253558661
TTCAAAGTCTCTAGCC-1,0.7274555686716201,-2.4461254531144996
TTCAACGACCCGACCG-1,0.1041900426642438,-7.1242841098128435
TTCAAGCCGAGCTGAG-1,0.7792114335782864,-9.416719397636701
TTCAATACTCTGAATC-1,1.9355938748121209,-1.0690387798573335
TTCATGGCGCAACAGG-1,1.993816984274288,-9.80202045752429
TTCCAATCAGAGCTAG-1,1.1612292917061615,-11.516609559941728
TTCCAGACGAGATTTA-1,2.355758378559036,-2.3486119328711217
TTCCGCAGAGAAATAT-1,3.883493528685447,-9.744654107915173
TTCCTCGAGGGTGTCT-1,-0.5906666658365227,-7.120144597232598
TTCCTTTCTGTGTTGC-1,5.397731579109525,1.432016367032506
TTCGACGGGAAGGGCG-1,-1.3223407059717418,-6.416639559563893
TTCGCACTCGCGTGCT-1,-1.7835613479589152,-5.804505553267127
TTCGCTAGGAAGTTGT-1,2.3304087476902695,-1.4286574305322355
TTCGCTATCTGACGTG-1,2.2795541536071204,-11.423615391792522
TTCGGCAACCCGCTGA-1,-1.433740514499304,-12.524421718525659
TTCGGGACTAATCGCG-1,1.0214518456035764,-2.0256831446711874
TTCGTAATCCCAGCGG-1,3.026348966471005,5.295339983935128
TTCGTACTCCAGAACG-1,3.77456970064962,2.5831128875290505
TTCGTTCAACGAAGTT-1,3.496766580552115,-8.98724210316684
TTCTAACCGAAGCTTA-1,3.25759222479388,-6.500594288707152
TTCTACTTGCGAGGGC-1,-1.0248216653269648,-6.678420154423271
TTCTAGGCCAATTGTG-1,-0.7004066373550097,-7.072613280712439
TTCTATGCCTTTCGCA-1,2.0734478715433324,-5.381390838749653
TTCTGCTAGACTCCAA-1,-2.1370977037497934,-13.219579362788885
TTCTTAGTGAACGGTG-1,0.39248195412616416,-11.056155153502944
TTCTTAGTGGCTCAGA-1,-2.4863497139883695,-11.419423387334314
TTCTTGCTAGCATCTC-1,2.0967792279359285,-0.8548145703079765
TTCTTGGAGTAATGAG-1,2.392196688613802,-9.523985400756814
TTCTTGTAACCTAATG-1,-1.407654838052283,-6.234192394144201
TTCTTTGGTCGCGACG-1,3.5426647840898715,-9.781728578766485
TTGAAGAATTCCCAGG-1,2.208084322331299,3.9587761252709353
TTGAATATGGACTTTC-1,-1.3866997668026972,-3.912999899949243
TTGAATTCACGTGAGG-1,0.3341134141351611,-3.02621819466171
TTGACCATGTTCTCCG-1,3.0120636209237412,-10.597677190941619
TTGACGATTCAGCACG-1,0.6089500497589712,-7.208105882530281
TTGACGCTCCATGAGC-1,-0.2212451410521683,-2.7433632215700223
TTGACTATTGTCCGGC-1,2.218223825035405,0.4711817682652196
TTGAGCGCCACGTGAT-1,2.3927254650338208,-1.5232205842251305
TTGAGTCCCGCTGCTG-1,2.3698183413621035,-1.3211598553911161
TTGATAGTCAATACAT-1,3.7150311246107424,-7.701869858331419
TTGATCTAACTTTGTC-1,3.2132677689505584,3.5601662236306875
TTGATGTGTAGTCCCG-1,-1.5054804147675245,-12.731654789871335
TTGATTATGCAGATGA-1,5.084574073804292,2.4658867140216416
TTGCACGGAGCAGCAC-1,-2.379954006301295,-12.137361349143774
TTGCCAAGCAGAACCC-1,3.407442783713022,1.165597935439798
TTGCGTAGTTTGAGGA-1,1.8868318529564128,3.0889286777987564
TTGCGTGAACGCTTAG-1,-2.869950700345277,-12.131282430407598
TTGCTCCCATACCGGA-1,1.7971676014939741,-10.717766863697584
TTGCTGAAGGAACCAC-1,-2.9067466666343047,-12.315820987531396
TTGCTGATCATGTTCG-1,3.9408746303529805,1.697223592498472
TTGCTGCACCTATCCA-1,2.20067499184967,3.8754560761699843
TTGGAGTCTCCCTTCT-1,6.274251278785594,1.0436232972246686
TTGGATCGACTTCTGG-1,-0.05689986371327514,-7.914834324092771
TTGGATTGGGTACCAC-1,-2.0698180471509047,-12.088485078056705
TTGGCCTAGAATTTCG-1,-1.4331055526246668,-12.549995970799912
TTGGCGATCCGAATAT-1,2.434092417976663,-1.6849771042156183
TTGGCTCGCATGAGAC-1,-1.1427294212099817,-6.647549788883178
TTGGGACACTGCCCGC-1,4.156473886808197,-7.538383699132568
TTGGGCGGCGGTTGCC-1,3.7256903084616155,-8.241164772327618
TTGGTATGGCTTGTGT-1,2.2642896366795293,-4.606051583461134
TTGTAAGGCCAGTTGG-1,-1.484820606694484,-11.995459012732338
TTGTAATCCGTACTCG-1,2.729526678094839,5.387876629605738
TTGTATCACACAGAAT-1,0.662945272550305,-8.674706932306275
TTGTCGTTCAGTTACC-1,1.45205026206079,-10.14752218922312
TTGTGGCCCTGACAGT-1,-1.4690676681397195,-11.534400621917923
TTGTTAGCAAATTCGA-1,-0.027332477462093337,-7.141353501466992
TTGTTCAGTGTGCTAC-1,1.7575969270090406,-10.774718843571526
TTGTTGTGTGTCAAGA-1,3.7794515512795956,-7.1576267422322255
