Barcode,TSNE-1,TSNE-2
AAACAAGTATCTCCCA-1,11.929840469191902,14.168447772688609
AAACGAGACGGTTGAT-1,-16.988095718383505,5.392381131060812
AAACTGCTGGCTCCAA-1,-20.888724022867667,-4.611463143194834
AAAGGGATGTAGCAAG-1,-15.915886487830793,-5.311274827111851
AAAGGGCAGCTTGAAT-1,2.2483832771884704,3.595718566485422
AAAGTGTGATTTATCT-1,-13.147836282447814,17.71422033032668
AAAGTTGACTCCCGTA-1,1.2593271228151435,13.368302842228651
AAATACCTATAAGCAT-1,-18.946762951576893,-6.776878817675967
AAATAGGGTGCTATTG-1,-18.453750619404765,19.314373447206393
AAATCGTGTACCACAA-1,-11.357907162215756,-6.817611878448634
AAATCTAGCCCTGCTA-1,11.743527684011328,12.648643592635896
AAATGCTCGTTACGTT-1,29.35748644036898,-12.948651669918041
AAATGGCATGTCTTGT-1,11.020411709746051,28.192432219654954
AAATGGTCAATGTGCC-1,4.466252918842402,-12.701652867232706
AAATTAACGGGTAGCT-1,-3.540249439948391,-9.235483576931275
AAATTACCTATCGATG-1,8.57686541531588,29.63898844525334
AACAACTGGTAGTTGC-1,13.049599523018871,-15.784339029965079
AACAATTACTCTACGC-1,6.358694131499809,-2.594178372541691
AACACACGCTCGCCGC-1,3.8437860008073215,13.399500517946892
AACAGGAAATCGAATA-1,7.919274951754944,22.928312307537727
AACAGGATGGGCCGCG-1,8.123775126586184,-4.182855855282809
AACCATGGGATCGCTA-1,30.957047619560033,-18.91928172423037
AACCCAGAGACGGAGA-1,22.85715026351894,-20.473098114875548
AACCCTACTGTCAATA-1,2.7827993298150124,14.882312701546404
AACCGAGCTTGGTCAT-1,-14.489366227409405,3.837255631753189
AACCGCTAAGGGATGC-1,-21.42918698449829,14.741204971540185
AACCGTTGTGTTTGCT-1,9.196317666640864,30.281641359088045
AACGATAATGCCGTAG-1,-22.060039492997163,10.153153904525631
AACGATAGAAGGGCCG-1,-11.17029593077239,-6.37980371419864
AACGATATGTCAACTG-1,-10.706102231967332,6.223551018101155
AACGCGAACGGCAACA-1,15.930313934896404,5.307359309913401
AACGCGGTCTCCAGCC-1,-13.947804113590268,-0.7514096664757265
AACGCTGTTGCTGAAA-1,12.180693289255245,17.364278179748286
AACGGACGTACGTATA-1,-17.468184555161557,18.57648219101328
AACGTCAGACTAGTGG-1,15.64646358463921,-20.947573479579802
AACGTGCGAAAGTCTC-1,-20.47401314942846,-21.34689191980047
AACTCAAGTTAATTGC-1,9.558749410949973,-2.3590012900577246
AACTCGATGGCGCAGT-1,24.514226079336154,-16.683270154893876
AACTCTCAATAGAGCG-1,1.1463025259673014,15.150279314097514
AACTGATATTAGGCCT-1,8.219527137725155,23.312296059659733
AACTGGGTCCCGACGT-1,-11.535420509512484,2.819916300999436
AACTTCTGCGTCTATC-1,14.390053696293,3.545444307404925
AACTTGCCCGTATGCA-1,7.516656567773303,-4.494343954090704
AACTTGCGTTCTCGCG-1,33.586783298704994,-14.539702968738206
AAGAAGGATCAGTTAG-1,32.498813833313115,-19.032959970407113
AAGACTGCAAGCTACT-1,-23.59220143320676,-18.980643059531157
AAGAGATGAATCGGTA-1,5.319411803286308,-4.553038174841137
AAGAGCTCTTTATCGG-1,-16.244454574508868,8.313257262858594
AAGAGGCATGGATCGC-1,-15.012670342400659,9.736479077088147
AAGATTGGCGGAACGT-1,0.0295915829715299,22.677964772583724
AAGCATACTCTCCTGA-1,-23.517534721190714,-0.2749979072622232
AAGCTAGATCGAGTAA-1,-13.171466237840454,-17.99051974315829
AAGCTCGTGCCAAGTC-1,-16.632659062913486,-14.931828256338239
AAGGAGCGGTTGGTGC-1,6.8503836895014505,-17.869682499482714
AAGGATGAGGGACCTC-1,2.2905174915628623,21.66156683415805
AAGGCGCGTAAAGCTT-1,20.74127776422415,-22.303674755215273
AAGGCTGTGCTCATCG-1,4.5931892651376565,-15.67460665024587
AAGGGACAGATTCTGT-1,-0.8860450342509821,23.276922137189857
AAGGTATCCTAATATA-1,6.008352751908217,23.842734074541376
AAGGTGATAAACCAGC-1,-11.707416524601436,16.281061800713232
AAGTAGAAGACCGGGT-1,8.104857771020264,-19.673485981602436
AAGTAGTGACGCGAGG-1,6.502526164067112,-0.4962014359212199
AAGTCAATTGTCGTCA-1,10.939195702690796,18.833048835614363
AAGTGCCTTGACTGTA-1,15.493633489075718,21.88797176382091
AAGTGTTTGGAGACGG-1,-19.052116945265688,18.17375940308396
AAGTTCACTCCAAGCT-1,11.967262920341613,11.906895580122836
AATACAATGTTTCAGG-1,11.652778242386736,-0.5227517431672233
AATAGAATCTGTTTCA-1,-19.507928217301114,13.358439698035092
AATCATGTAAAGACTC-1,14.918791335732305,19.794345125257152
AATCCATGCAAGGGTG-1,2.9445217152421495,3.9735580511772137
AATCGCCTCAGCGCCA-1,-21.02228648987811,6.334441656512181
AATCTGCGTTGGGACG-1,0.13530040474288646,18.487642568216316
AATGACGTAGGATGTC-1,-21.932056199397813,9.986928142893323
AATGACTGTCAGCCGG-1,9.706305451210076,-20.634877714761657
AATGAGTTCGCATATG-1,31.43457201440881,-16.143165443837262
AATGCAACCGGGTACC-1,-19.649207455569275,-15.843556409023082
AATGGTTCTCACAAGC-1,31.53406790053864,-17.14277781351099
AATTAAAGGTCGGCGT-1,-1.5568534038396153,-7.685202781504505
AATTCATAAGGGATCT-1,8.8118328829773,35.18008586210518
AATTCTAGAGTTAGGC-1,-23.803670130262095,-1.8345394087456777
AATTGAACGCTCTGGT-1,-20.077048418982415,12.872972328736555
ACAAATCGCACCGAAT-1,-19.714533415978526,15.983360502763913
ACAAATGGTAGTGTTT-1,-14.89276628276611,17.547044121566504
ACAACAGCATGAGCTA-1,-19.27478939105318,-2.046521605743276
ACAACGGTCCCTGCGA-1,26.855675932681677,-21.269528359163246
ACAAGCAGTGCCTAGC-1,6.542672290952958,-2.396438470593404
ACAAGGAAATCCGCCC-1,-21.469089010046932,-2.955403059309954
ACAAGGACAAGAGGTT-1,14.321908255724622,-22.062714482497604
ACAAGGGCAGGCTCTG-1,-21.618337789400595,1.2115605030173544
ACAATTGTGTCTCTTT-1,9.514124517350238,13.237694648850026
ACAATTTGAGCAGTGG-1,-10.413660208761952,7.550806322508766
ACACAAAGACGGGTGG-1,-16.206432854939706,-19.06446207626417
ACACACCAGGACCAGT-1,-19.383994200144574,15.03179897334049
ACACACTTTCTACACG-1,15.048006040808877,20.962493677268437
ACACCCAGCATGCAGC-1,9.820837837453434,-17.997738860952925
ACACCCGAGAAATCCG-1,30.14882885795092,-17.999157620218163
ACACCTTAAGTAGGGC-1,12.543290524385117,-21.80680938544693
ACACGAGACTCCTTCT-1,-16.24354899328112,-1.8104331452669227
ACACGGGAACTTAGGG-1,-18.04588400624981,-1.8103246114760054
ACACTCCAATGTCACT-1,14.763381843354548,-14.302521686595401
ACAGGCTTGCCCGACT-1,-20.00544036111531,18.76477092231833
ACATAATAAGGCGGTG-1,-13.010527056880717,-0.6103730838221911
ACATCCTGGTAACTGT-1,1.7352332760506508,22.857324650489655
ACATCGATCGTTTACC-1,-13.6925614401249,-9.117104291922722
ACATCGTATGCAATGG-1,-20.380257098131768,16.481908418633534
ACATGGCGCCAAAGTA-1,8.948714165274566,28.95070550295975
ACCAAGAACGCGTGTC-1,-0.16764488698264934,-13.595695243529226
ACCAATATGCAAGTTA-1,11.517686359755286,10.526516286881217
ACCACAAGTTTCTATC-1,2.5438722105529092,-13.624365971265052
ACCACGTGCAGCTATA-1,-20.589028882619193,0.7692506762916798
ACCAGTGCGGGAGACG-1,3.928518099212453,13.139955541065605
ACCATATCCGCAATAA-1,0.4823390477620986,-10.668853096200253
ACCCAACGCCCGTGGC-1,-14.813746591656162,12.044334815206808
ACCCACCTACATGCTC-1,3.86561082053009,-3.228281043012569
ACCCATCTTGAGGGTA-1,12.32162289830158,4.739214669896164
ACCCGGATGACGCATC-1,15.248123415578343,26.636980108443826
ACCCGGTTACACTTCC-1,8.860479143385051,1.8667529508707412
ACCCTATAGGACTGAG-1,32.90198879511657,-14.53541664343569
ACCCTCCCTTGCTATT-1,-19.524216185182755,16.661950791732025
ACCCTTCATCTGCGAA-1,11.577682170866106,26.224195033282
ACCGACTGAGTCCCAC-1,-18.935068138538824,-16.714370296370152
ACCGATGGTAGCATCG-1,-0.3397763086680312,13.274294174550358
ACCGCAATAACTGCCT-1,-22.84858430483522,8.913657717535568
ACCGCGGTGGAAGTCG-1,12.67335018367681,28.61951368489871
ACCGGGCCTTTGTTGA-1,2.7792182315643634,13.531836211922359
ACCTAATCGACTTCCT-1,9.64330687187962,-3.8271881193504167
ACGAAATGGGCGGCAC-1,13.314290867445317,5.445822101576966
ACGATACATAGAACTA-1,7.87033740581574,22.957525520973483
ACGATCATACATAGAG-1,-16.276319803432635,-11.356620153279609
ACGATCATCTTGTAAA-1,-1.3850199459764774,22.942628093653973
ACGATGCATATGTTAT-1,10.956986677552237,-3.1792568001596058
ACGCATTCGTGAGTAC-1,-11.262105071388165,-8.016503219658668
ACGCCAGATGATTTCT-1,3.328899514777862,20.85398767269597
ACGCCGCTAGACGACC-1,-20.405257783622563,0.6124927322104575
ACGCGGGCCAAGGACA-1,-23.17489684409585,-1.2059337844441052
ACGGAATTTAGCAAAT-1,31.515833492204926,-16.875972245579764
ACGGCGACGATGGGAA-1,-21.528886475334613,1.1608743536044903
ACGTAGATTGCTGATG-1,-16.582018139291968,-7.051579186815925
ACGTATTACTCCGATC-1,1.9078183681932819,14.472914989054228
ACGTGCGCCTCGTGCA-1,-8.483923448980814,4.14708202336849
ACGTTAATGTCGAAGA-1,-19.374951782084757,-17.44630347541454
ACGTTAGATTTGCCCG-1,14.766679204169584,8.980101477001039
ACGTTATTGGTCACTC-1,-12.435647636656185,-19.747652912679076
ACGTTTAGTTGTGATC-1,14.465832847780746,26.99968266439864
ACTACCAGCTCTCTGG-1,13.44311308517368,-22.55125307380398
ACTAGTTGCGATCGTC-1,9.614623020376996,21.222893940290824
ACTATCGCCGGCTAAA-1,-16.223283829422947,-19.870446700912588
ACTATTCGTCCGTGGT-1,10.33659459529798,29.382155274488376
ACTCAATAAAGGCACG-1,-16.226807946203873,-0.4456686061613478
ACTCCCTAGAATAGTA-1,-22.92621515208793,-18.586796609828465
ACTCGATGTATTTCAT-1,11.138634650860904,7.362908710988044
ACTCGTCAGTAATCCC-1,-15.738201037567803,8.676971247478757
ACTCTCTGACTTAGGT-1,-21.015423591906835,6.023646461201247
ACTCTTGTATAGTAAC-1,-22.563210695120123,-16.774566713633526
ACTGAATGGCGAAAGT-1,-19.32118120979973,9.55243498045385
ACTGCCGTCGTAACTC-1,14.097448566815926,22.585400481395823
ACTGTACGATACACAT-1,-14.076440991355836,2.990580588292
ACTGTAGCACTTTGGA-1,19.240299914782163,-22.63710173141748
ACTGTATACGCGAGCA-1,1.389169398161505,-7.083402204492946
ACTGTCCAGGATTATA-1,1.4257588849860023,-11.395439431026846
ACTGTCTTCTTTAGAA-1,-17.803131191466402,-11.690666052952059
ACTGTGCTAGTAGATC-1,27.632646441268765,-19.682877017750723
ACTTAGTACGACAAGA-1,31.74416238832956,-18.585178300336704
ACTTATACTTACCCGG-1,-13.082715699241513,13.730361165469475
ACTTATTAGGATCGGT-1,9.306087792708473,-15.322769936382105
ACTTATTTATGTGCCA-1,-19.622151085011104,15.190262045259878
ACTTCAGGCTGATCCC-1,-20.210412283039314,15.734293721444987
ACTTCGCCATACGCAC-1,-14.506635858898127,2.9004408495805336
ACTTGACTCCCTCTTT-1,-21.70452462298475,-1.8364897087006167
ACTTGGGACCCGGTGG-1,2.642366194127154,-14.797981538008925
ACTTTCCTATAGCTTC-1,-21.09008433849919,-16.91195022998156
AGAACGTGGTACATTC-1,-20.018292202489718,-1.8225829529968955
AGAAGAGCGCCGTTCC-1,11.415289544587669,11.365347619587572
AGAATTATGGATTCGA-1,13.120841704530125,27.730301692084332
AGAATTGTTTGACATA-1,21.495576727751352,-19.169489430259002
AGACCATGGGATACAA-1,19.186339482195503,-22.385728643865345
AGACCCACCGCTGATC-1,-22.519334727272053,-20.564119675266763
AGACCCGCCCTCCTCG-1,-11.962934056057817,-9.245740366828853
AGACGAAGTGCCGGTC-1,1.3160268959399826,13.71663593636698
AGACTAGCCTTCCAGA-1,8.457290579626001,-20.334691397356874
AGAGAACCGTCTAGGA-1,14.717581758762876,27.320129841794646
AGAGCGGGCTAATCAT-1,7.646269123360375,21.118958210435487
AGAGCGTACAAGCTCG-1,5.766550708718329,-9.840647445223258
AGAGCTACGAAAGCAT-1,30.928324219445344,-12.902829141782908
AGAGGCTTCGGAAACC-1,14.411657261231868,19.896798955877156
AGAGTAAACTTCACTA-1,9.909365357951536,31.696178792429812
AGATAACTTCAGGGCC-1,10.879551291833549,-13.865756687228783
AGATACGACTTCATAT-1,30.695877181107498,-18.812240995221973
AGATACTCAAGATCGA-1,-21.935537128832397,6.4653960782899365
AGATCTCAGGTGTGAT-1,-14.017533057969791,1.2260571156849496
AGATGACTCGCCCACG-1,-16.11830196322543,-17.613183978213232
AGATTATAGGACGTTT-1,7.3470694863997625,-14.80422115788895
AGCAACATATCTTATT-1,-11.68625404543415,16.70694763717414
AGCACCAGTACTCACG-1,-19.78967497237272,-18.608673172704663
AGCACTACCTCACCAG-1,-19.739135319040223,19.437368311514167
AGCACTTAAGGACGCC-1,7.377214668931026,-6.979010352347173
AGCATATCAATATGCT-1,5.299982785792699,13.310020180464168
AGCATCGTCGATAATT-1,0.1366638668694731,-14.654161824297882
AGCCACTCCCGTGCTT-1,6.551782141398367,24.92089119058535
AGCCCTAAGCGAAGTT-1,7.721086288678103,22.582558978395344
AGCGACATCCCATTCA-1,-9.028905141219306,2.6103502722564706
AGCGACCAACGATATT-1,-4.376663961952536,-11.889655838726462
AGCGCGGGTGCCAATG-1,8.820198422661024,35.21227935008391
AGCGGGAAGGGTCCAT-1,19.13650641198549,-19.655590916077834
AGCGTACGAGAGCTAG-1,15.565054177811046,4.219207630447347
AGCGTGGTATTCTACT-1,-20.209850301589878,-5.51424104456074
AGCTATTTAATCCAAC-1,11.684777644676766,26.617099024298433
AGCTCCTTCGCACATC-1,-21.663790705714245,18.249811086814134
AGCTCTAGACGTTCCA-1,-19.098956129608915,-17.28845118827186
AGCTCTTTACTCAGTT-1,12.902938320183505,5.941992738741402
AGCTGAAGTAAACCAA-1,9.64317854433836,28.200595029398897
AGGACAGTCGAATCCC-1,-19.403809872249095,14.303101922515514
AGGACATCGCACGTCG-1,29.524562233028135,-18.003571906147858
AGGAGGCCTTCGCGCG-1,11.321428327835644,15.890191148777328
AGGATATAGGGATTTA-1,0.6133658267472802,14.432837858430986
AGGCAGATGCGTAAAC-1,8.85323310431866,24.91602431484337
AGGCATTGTCGTAGGG-1,4.921654110506315,13.238416363392641
AGGCCACCCGTTATGA-1,20.830013312222757,-22.279788328893606
AGGCCCATTGTACAGG-1,-11.983493380937174,-1.6303821755176997
AGGCTATGGTTAGCTT-1,11.149913786925456,-18.345475242200763
AGGCTTGCTAGACACC-1,10.652599620923011,0.9841957059407882
AGGGCGTGATCGGCTA-1,9.225592573613778,-19.39447629988193
AGGGCTGCAGTTACAG-1,-22.424702247104527,-21.767082809556847
AGGGTCGATGCGAACT-1,1.6628809215022111,19.42305036080859
AGGGTGCTCTCGAGGG-1,0.6430713129230872,15.217802996683778
AGGGTTCCCTTTGGTT-1,-3.167994680738239,17.716083500284252
AGGGTTTAGTTCGGGA-1,-19.377709476581657,-13.664504260823016
AGGTAACCTCCTATTC-1,6.345966578783911,-15.481414602537544
AGGTAGGTACAAAGCT-1,5.256567227186675,2.7590574305629074
AGGTTGAGGCACGCTT-1,-11.616602344376798,4.841804321071022
AGGTTTCACACACCTT-1,-19.496458828133242,-15.746848482974565
AGTAATGTCTTGCCGC-1,-8.479996189846123,3.7673995888292424
AGTACGGGCACCTGGC-1,6.53338786840453,23.709207324751816
AGTACTCTTATGCCCA-1,11.235689669121275,12.802825957167
AGTATAATACTAGGCA-1,25.364080960537276,-20.886372317152123
AGTCAACACCACCATC-1,10.291324600523183,1.8278275343241535
AGTCAAGATGACACTT-1,-16.64051217609134,18.818422284622574
AGTCAGCCACCGCCTG-1,30.51685871998612,-15.885583183034404
AGTCCATTGGCTGATG-1,1.8216413803338471,15.038965902448812
AGTCGACGGTCTCAAG-1,-12.079918609983908,11.11055308059809
AGTCGGCCCAAACGAC-1,19.543334406378406,-22.3202312934473
AGTCTGGACATCCTTG-1,14.27284379674134,-14.896641566675186
AGTCTTCTCCTCAAAT-1,-15.303513671827414,-0.08351461443926739
AGTGAACAAACTTCTC-1,11.56842379286178,21.454353121108706
AGTGACCTACTTTACG-1,11.169355696531147,3.923376860080052
AGTGAGACTTCCAGTA-1,-17.58189947143486,14.82002206391482
AGTGATTCAAGCAGGA-1,-13.89492921531402,10.475822020866596
AGTGCACGCTTAAGAA-1,10.429916636009747,14.77130643353578
AGTGCTTGCACGAATA-1,-17.9037437968432,12.648136594749262
AGTGTGGTCTATTGTG-1,10.59707338089102,-18.139027052201293
AGTTAAACACTTGCGA-1,9.07849432454066,1.2187499272278597
AGTTAAGCGGTCCCGG-1,8.931952377994367,34.14262959265383
AGTTCCTACAGAATTA-1,6.112109613728768,-15.015885227413852
AGTTCCTATTTATGTT-1,-21.410617489601826,-21.121736007036333
AGTTCTGCGTTGTATC-1,34.433462894656216,-17.83139343529884
AGTTGACATCGGCTGG-1,16.154314459484542,-14.78451197305844
AGTTGCTGACTGATAT-1,20.529269231702212,-19.1310547301025
AGTTTCGCAGGTCGGA-1,2.6075907274097707,25.773238752386984
AGTTTGGCACGGGTTG-1,14.616577353516465,19.87120228731485
ATAAACGGACCCGTAA-1,-13.047769900486191,-17.49907108095863
ATAAAGGCTCGGTCGT-1,12.902498295275084,-13.101474594917276
ATAACGCCGGAGGGTC-1,-17.16553896906179,5.8931957619417465
ATAACGGAGTCCAACG-1,-10.25452113106602,4.637233366978322
ATAAGGTGGAGAACAT-1,-18.24987995797594,-16.45520211246127
ATAATACCGTTAGCCG-1,16.3376061186372,-18.15948244642681
ATAATAGCTGTTGAAT-1,-16.491870562956827,-15.360495411057114
ATAATAGTGTAGGGAC-1,30.990887135402506,-14.086416462107618
ATACGCCGGCGAAACC-1,-19.95370809744874,2.168698974816418
ATACGGGTTTCGATTG-1,6.5258038101420475,25.274854329481627
ATACGTACTTAGCCAC-1,-18.692732905822268,20.091432337492154
ATACGTCCACTCCTGT-1,0.47201442922239983,12.976713404435403
ATACTAGCATGACCCT-1,-13.443686626898291,-4.821549884924212
ATACTCTCGCCACTCT-1,15.630744854842577,4.056117837236978
ATAGACAACGGGACCT-1,-0.356155653804773,21.376662369119856
ATAGACGAAGAGAAAG-1,9.518493436569162,-11.97585372093293
ATAGAGTACTGGGACA-1,9.682003321134646,-18.17642132069577
ATAGAGTTATCAACTT-1,-1.7364396261291049,22.146344897665713
ATAGCCTCAGTACCCA-1,14.49700714945601,6.275227991383285
ATAGGGATATCCTTGA-1,-10.964445585912761,6.102577321342532
ATAGGTTGGGCAGATG-1,-20.58220244661201,-16.370795762585555
ATAGTGAAGCGTTCTC-1,-3.905432615800973,-7.824531839841578
ATAGTTCCACCCACTC-1,12.848681008460321,29.56098733215855
ATATAAATGTAGCTGC-1,-19.538123746685166,19.46975340272582
ATATCTTAGGGCCTTC-1,-11.281673384703486,-8.109279223505819
ATATGTCTCCCTAGCC-1,3.5932378955254296,19.141011445422343
ATATTCCACATAGTGA-1,-22.08850727115139,0.4923722237058656
ATATTCCCACAGGTCA-1,11.678671766083232,29.172367339668444
ATATTGCTGTCAAAGT-1,29.49540536981945,-16.05276270137537
ATATTTAACCCTCAAG-1,0.8193778946044702,-11.707707921854853
ATCAAACACTGTTCCA-1,10.58190022891646,31.811922842822856
ATCAATCTGGGCTGCA-1,-19.678597781222475,-20.01441273131109
ATCACATTAGAATATC-1,13.077857415832407,27.033208883665523
ATCACTTCATCCTCGC-1,-12.698167199665905,1.9850495726754283
ATCAGTAGGCAGGGAT-1,7.62501626621737,28.163039215334074
ATCATCCAATATTTGT-1,-4.018860907218967,-7.74385600504045
ATCCAACGCAGTCATA-1,24.809094101838514,-21.750422763302915
ATCCAGGATTCGTGAA-1,4.945771060986597,-1.7519019627053691
ATCGACCCAATACAGA-1,-21.687661328666806,-19.978867767491394
ATCGACTCTTTCCGTT-1,-15.95304058340685,-3.1194603744297456
ATCGCACGCCGGGAGA-1,-17.796859693895815,-19.88481845990803
ATCGCCAGTCAACATT-1,9.331996307108342,21.291615578575943
ATCGGAGACAGACGGC-1,-22.84230026369957,-0.7513194163827025
ATCTCCCTGCAATCTA-1,1.5591459476448846,18.895679665466798
ATCTGATAGTGTCTTA-1,-12.197723403625444,-19.783051790861887
ATCTGGTTAAGACTGT-1,-10.306497433362448,3.7010610278339935
ATCTGTAATTGTACCC-1,-8.31043652821859,3.2876176913504183
ATCTTGACCTGCAACG-1,10.577171345740817,-21.586696143731736
ATGAAGCCAAGGAGCC-1,12.865823071080948,-20.14715166018561
ATGACGCCGGCTCTAA-1,-8.562716173270847,3.146822865373376
ATGACTATGCGACATT-1,-11.34890757889735,15.122016020124597
ATGAGGAGTGTTAATC-1,25.231645033535308,-20.923233693679155
ATGATCGGGAATAGAC-1,-11.444519393144368,-5.731077214719833
ATGCACCTTCCTTAAT-1,-13.570236095535664,-19.603161762125755
ATGCACTACCGCATTG-1,8.530623492657572,-20.212162223086562
ATGCATGATCCAGGAT-1,-16.277723310100306,-6.504823281342583
ATGCCATTTGCGACCA-1,-10.787795265271244,12.136935863467722
ATGCCGGTCTTGCATA-1,-16.2085064795952,-0.045435447078466744
ATGCCGGTTGATGGGA-1,11.404986728810233,28.084592348995656
ATGCGACAGTCCCATT-1,-22.160664133521085,-17.32966932056502
ATGCGAGTCCCACCAC-1,10.06733874213656,22.203358099055258
ATGCTCAGTGTTGCAT-1,23.980807739851958,-19.934491726399056
ATGGAGCAGGCCGTGA-1,-21.241748262916445,-20.539637048773965
ATGGATCCGGCGTCCG-1,4.158595798656876,19.77940400018476
ATGGATTGACCAAACG-1,-18.864644934060163,-16.631730544538733
ATGGGCCTCGGCCTCT-1,-14.28901889811444,18.207789783262395
ATGGTCGCGTGGTTTC-1,-21.735429923665123,13.029123248644444
ATGTCATTTCCCATTG-1,-21.497264469898145,-21.772081938410768
ATGTGCATCCGACGCA-1,-18.252648799850867,-12.58335938132864
ATGTGGACATCTTGAT-1,-17.163656434766228,-8.42060743204781
ATGTTACGAGCAATAC-1,33.324572268481624,-18.34085451124181
ATTAAACATGCGGACC-1,-11.478223579188596,-8.799428000198956
ATTAACACCTGAGATA-1,-19.249417215473066,-24.078620966694622
ATTAATACTACGCGGG-1,-14.557630558065323,-1.555893686659501
ATTAATGAACCAGTCG-1,6.993192961454104,24.35160651865073
ATTAATTCGGTCACTC-1,3.9253363512618695,25.43699920425174
ATTACTAGCCTCTTGC-1,11.346361785031759,-20.335119635722002
ATTAGATTGATAGCGG-1,1.3270992346874866,-15.306621181700226
ATTAGGCGATGCTTTC-1,-20.305584352950653,-16.838249736773903
ATTATACTTTGCTCGT-1,0.7560505062332827,22.571004602238855
ATTATGCCATAGGGAG-1,-5.369613105356299,-11.479283674351988
ATTCAGTAGCAGGGTC-1,8.493668351592198,-4.4506094402494645
ATTCATATACTGTCCA-1,-19.37336933056273,-24.160793059342456
ATTCCCACATAAACAA-1,8.823695338831962,-3.975960405948618
ATTCCTCCGCCAGTGC-1,20.470958511235136,-21.144387801451686
ATTCCTTCCAGGCGGT-1,20.749931510233054,-17.519657554005104
ATTGAAGATCTTAGTG-1,3.4705844589413752,-13.088516161351478
ATTGATAGCAACGAGA-1,32.56130657119421,-16.566351362266722
ATTGATGAGTCCTAAC-1,-0.45022296025618963,23.004839260748177
ATTGCGATCAGTAACT-1,14.842847993816862,19.753217003527443
ATTGCTGCTCCTCCAT-1,7.436948970918018,-8.45644433761789
ATTGTACAACTCGGCT-1,9.320228115606449,33.425865976229154
ATTTAACTCGTATTAC-1,-10.321096032482574,-6.579892007690525
ATTTACAGTTTACTGG-1,14.422424845697211,-20.4195044131906
ATTTGTCTTGGGAGCT-1,-19.085907673991503,12.70408035065063
ATTTGTTCCAGGGCTC-1,-3.338880229252107,16.776915697665263
CAAACGGTCGCACTTT-1,14.584323758983814,-20.7638903818038
CAAATTGTCAGCAAGC-1,2.3596553251043377,25.7070379457482
CAACGACCCGTTTACA-1,-0.4706532530237694,-13.390236336396539
CAACGGTTCTTGATAC-1,29.182184336790364,-15.142876097706308
CAACTATATCGAATGC-1,9.813422039252872,33.97154599871777
CAACTCCTTGATCCCG-1,8.20866994297736,-19.553648897440443
CAAGAGGGCGGAGTAC-1,-18.8727649733465,-0.5325529186792612
CAAGATATTATAACGT-1,-20.205554400776084,17.549573972123277
CAAGCAACGTCGGAGT-1,7.454007622569261,-8.654323670846924
CAAGCACCAAATGCCT-1,-11.047328822602692,4.582321339083818
CAAGCGGCACATAATT-1,-16.366649028620568,20.807786902315684
CAAGGATCGCATGTTC-1,-19.402638093784926,-16.28929699400005
CAAGTGTGGTTGCAAA-1,1.8868967733724322,13.879689966626517
CAATAAACCTTGGCCC-1,-13.878242123947366,3.507077266894945
CAATCCTGCCGTGGAG-1,32.30426869856889,-17.089269572710926
CAATGCGAGAAGTATC-1,-17.44237383443613,19.34285249473411
CAATGGATCTCTACCA-1,-0.40845768806282895,20.209128924028498
CAATTAAGGGTGATGA-1,-20.998424295030443,-16.867096014281543
CAATTTCGTATAAGGG-1,-16.766984836634695,-6.639448115497
CACAATGAGCTGCTAT-1,-22.543697929303406,-1.74317231544814
CACACAGGGATAGATT-1,3.2310592386616217,-3.6650628673226806
CACACGCGCTGTCTTA-1,-4.163197458852108,16.77540039468806
CACAGCACCCACGGCA-1,-5.4701712569237,-10.755944951483638
CACAGCTAGGGAGTGA-1,-15.467045755030366,-2.9418369685732784
CACATATTAGCAGGAT-1,-16.44259961375184,-8.733722084454138
CACATGATTCAGCAAC-1,-14.348317468672077,-9.405136747059203
CACATGTTTGGACATG-1,32.274360113501714,-14.751150712993304
CACATTTCTTGTCAGA-1,9.374945422402908,32.59300049892212
CACCATCGGAGGAGAC-1,9.086540642026964,32.81800329882777
CACCCACACGTCACCC-1,13.599145849856962,-21.653645749694935
CACCCTAACAAGATCT-1,11.228385370202638,10.833762353861818
CACCGCCAGAAGGTTT-1,-17.76501280670137,-12.931969274388983
CACCTAATAGAGTCGT-1,29.429599288573673,-13.018681105504964
CACCTAATCAGTTTAC-1,-4.372361817330673,16.700630308073375
CACCTCGATGGTGGAC-1,-2.9640536525597567,17.232617956084564
CACCTTGCGAAACTCG-1,5.186206527830999,26.53800036381267
CACCTTGGCGCCTTTG-1,11.779217923544195,21.959403293140596
CACGAAAGTTAGTCCC-1,9.853902908555284,1.2695206755840314
CACGCACAGCGCAGCT-1,-13.427984766249592,5.622610652365873
CACGCAGCGAGGCTTT-1,11.885278380294935,-12.35336672838159
CACGCGGAACTGTTGC-1,2.4813258800904068,14.309265965189487
CACGTCGGGTTCTAGA-1,-19.400602741565773,-24.34928966274929
CACGTTCGTGCTCTAG-1,-20.802143119262144,7.6845753119274995
CACGTTTCGTACACAC-1,11.251922304646554,12.959706162857987
CACTAAAGTTGCCTAT-1,11.914040472481027,-13.521038938205555
CACTCAAGAGCTATGG-1,-3.316083600341345,-8.254506578301948
CACTCGAGCTGAACAA-1,-19.24374390306427,-0.835599199465555
CACTGTCCAAGTGAGA-1,20.22675769326685,-17.869689140442624
CACTTAATCAGACGGA-1,13.221885809112194,-13.052991416705552
CACTTCGCCACAGGCT-1,28.15137134273003,-19.151225257551086
CACTTCGTCTTATCTC-1,22.11488177533222,-19.007922889908144
CAGAACTTAGCCCTCT-1,-17.835015519996645,20.432188017159557
CAGACCTGTAAGTGTT-1,10.800612158059995,29.29716045499984
CAGAGCATGAGCTTGC-1,-17.891241438827905,0.9574607971047627
CAGATACTAACATAGT-1,10.220880997059,-20.66715809259641
CAGCAGCCCGTTCCTT-1,-14.440739551471296,3.1805678709171383
CAGCAGTCCAGACTAT-1,11.481986344454219,15.182830407968698
CAGCCTCCTGCAGAGG-1,5.814464569987934,20.537349758151077
CAGCTCACTGAGACAT-1,-4.60212429370962,-9.583979148167716
CAGCTCGACAAGTTAA-1,0.5130241809413579,20.820886989525917
CAGCTCGTGCTTGTGT-1,6.412792517976177,-15.621514225930381
CAGCTTAGTAGGTAGC-1,9.958394398949167,-0.24785475099586043
CAGGATATATCGTTGT-1,-23.728745117692046,-19.581675273098803
CAGGCCGTTTGGGTGT-1,10.057194049548883,0.8072985047851233
CAGGCGCCATGCTAGG-1,-21.15285827053612,-22.336455268832506
CAGTAATCCCTCCCAG-1,12.90214754098369,-21.428670801656402
CAGTAGCCCACGCGGT-1,10.407480289074865,29.257143092066762
CAGTCTGTATACTGGG-1,-21.33675163202993,-20.739124376690555
CAGTGAATAAATGACT-1,6.533621793088545,25.246903497634822
CAGTGGTTGCACATGA-1,29.594738984335322,-13.278423207358946
CAGTGTCCGCAGAATG-1,27.640961679658563,-19.68650673918717
CAGTGTCGGCTGGCCC-1,9.929323768465803,12.7735342710101
CAGTTCAAATTGACAC-1,2.257785902532321,-14.556331696215956
CAGTTCCGCGGGTCGA-1,5.0846912931130355,-4.487822408367735
CATAACGGACAGTCGT-1,-3.8543049622865944,17.674682422302755
CATACAAAGCCGAACC-1,23.762929044171102,-20.569853426847704
CATACGGCGTCTGGGC-1,-12.272025302690347,-8.448949639902498
CATACTATGTAATTGT-1,7.105209115566586,-14.145404652562902
CATAGCCGCCCGGGAT-1,6.207013940426399,-1.63276729200952
CATAGTACATTGAGAG-1,10.38064775108316,29.48768188808123
CATAGTAGCATAGTAG-1,10.077442318699397,-20.03700662799078
CATATAGGTACAGTCA-1,-1.8148450257552053,-8.05270103717746
CATCATTACCCTGAGG-1,9.007130480540095,13.173907344743261
CATCCGCAGGCCCGAA-1,22.117204599968222,-18.500817323506855
CATCCTCTCAAAGATC-1,11.481309767181111,12.743101022556571
CATCGCCCGCGGCCAA-1,2.715485304421283,-15.257734465049609
CATCGGACGGGTTAAT-1,-5.275337904762387,-7.5085798347044195
CATCTTACACCACCTC-1,14.398671640381075,22.36715231272336
CATGACTTCGCTGAAT-1,9.411615731280614,33.67924180766345
CATGATGCACAATTCT-1,-11.678915541103585,4.201035177434009
CATGATGGAAGTTAGC-1,11.370897014982022,21.32214321686236
CATGCGTTAGACAGAA-1,8.24697473250499,21.69124879373651
CATGCTGGCTCCAATT-1,10.347127323226276,26.23445618081234
CATGGCAGGAAGATCG-1,-12.488181398407685,-2.0491978960779775
CATGGGTATGCCTTAT-1,11.236499059481476,10.829404785578786
CATGGGTCGGGTGTGG-1,7.732245141665395,29.064136303022277
CATGGTAAGTAGCGTT-1,-21.73764728536694,3.250950121298885
CATGGTCTAGATACCG-1,-17.067739604649123,-6.301120939445436
CATGTAAGAGACATTT-1,10.187140914360459,12.905175482007335
CATGTCTCATTTATGG-1,-15.433037878258622,18.365585069112715
CATTACGTCGGCCCGT-1,-11.591627220559344,3.316408110582986
CATTATGCTTGTTGTG-1,1.1490467596854552,-14.372186192925456
CATTCCCTAAGTACAA-1,32.0836661114812,-12.950535983032692
CATTGTGTGCTAGATC-1,31.644324145961225,-13.603319078487246
CATTTAGCGGACCATG-1,8.435036257629255,24.828310601249516
CATTTCTAGCAGACTA-1,33.05852467126631,-18.547110226635315
CCAAACAGAACCCTCG-1,10.917007356695764,-20.33471300010275
CCAACGATGCACTGAT-1,6.538056470297828,-12.666677990030683
CCAAGACTTCTGCGAA-1,-13.032929359692433,-0.9636387229495569
CCAAGCGTAACTCGTA-1,-17.04401461334771,-8.30039191759651
CCAAGGAACAGAGAGG-1,0.9248657380033328,-7.072234991873733
CCAATAGTGCCGTCGA-1,8.109652591655516,-11.436186036601423
CCAATGTCACAGCAAG-1,10.815919754720406,-13.537051083603446
CCAATTGAATGTTAAT-1,11.344684907316193,-21.110844023677675
CCACAATGTACGTCTT-1,-2.295135382547102,16.29493206036707
CCACACTGAGATATTA-1,8.403720420777159,-5.979098516282852
CCACAGCTGAAATCAT-1,5.14643474704182,2.7490326822718494
CCACAGTACCCATCCT-1,-12.284220419884305,15.907435845043713
CCACCCAAGGAAAGTG-1,-23.031777075396878,-18.227798996663502
CCACGAGAAGAGAATC-1,15.36359669957214,21.890436389220042
CCAGAGACAAAGCCGG-1,9.347656649284705,-4.480717217527598
CCAGATAGTTGAGTGA-1,-12.147001353293954,8.707998517965663
CCAGCCTGGACCAATA-1,-23.97088637368351,-19.806359860324804
CCAGGGACGTGGCCTC-1,-0.19474477262367657,-13.985867839523916
CCAGTAGTCTGATCCA-1,-0.4987852485420066,21.214591683569754
CCAGTCCATTATTCGA-1,32.44383088274778,-20.22478993414369
CCAGTCTAGACGGCGC-1,8.502786070495956,24.819448704928433
CCATAAACAACCCGAC-1,9.374209859508587,33.395004925854124
CCATAGGTTGGCGTGG-1,-10.622379117732695,3.1696734764817216
CCATAGTCAGTAACCC-1,25.7777589737561,-18.933705785594
CCATCCATACCAAGTC-1,20.901127693848927,-20.54897811174818
CCATCTCACCAGTGAA-1,2.8990710258651977,18.651006934187162
CCATGCCTGTTTAGTA-1,6.814591535683041,-13.866337600480831
CCATGCTCTGCAGGAA-1,18.750847293847194,-19.843976842553374
CCATTAGCGATAATCC-1,9.722045768742918,-13.931500118366772
CCATTCCCTGCCCACA-1,7.7620678234609235,-7.4148426863533
CCCAAACATGCTGCTC-1,-13.648770590240314,10.331631796359684
CCCAGTTAAGGCGCCG-1,-19.99969853876441,10.42645498930713
CCCGACCATAGTCCGC-1,-1.8529300749134243,17.24378233194342
CCCGCAGCGCGAACTA-1,-22.459527056598734,-19.0367997564428
CCCGCCATGCTCCCGT-1,23.47275512603447,-19.87527246621746
CCCGCGCAATGCACCC-1,16.271625278860387,-19.321976300866844
CCCGGTGGAAGAACCT-1,11.19550220100369,-1.605772973470013
CCCGTCAGCGTCTGAC-1,7.363308776338873,-18.354376004193107
CCCTAGTGTCAGGTGT-1,34.02286214835733,-15.919777273402955
CCCTCATTCTGGAATT-1,8.80191792279095,-20.083714186216348
CCCTGAAATGAGTTGA-1,9.204741538136906,-16.165122710327147
CCCTGATGTAACTCGT-1,27.618401300049804,-16.255997109174796
CCGAAAGTGGTGAGCA-1,30.165672173896045,-16.329998738289163
CCGAACCTTCCCGGCC-1,-19.21774476179751,-7.58704587379619
CCGAAGTATATTGTTC-1,6.727320854593236,-7.592565120509257
CCGACAAACACATGAG-1,13.702129940739246,8.152601455014034
CCGATCTCAACCTTAT-1,14.92872795883589,27.493724848308606
CCGCACAAAGACCAAC-1,-12.85664394928538,-16.79662006112656
CCGCACGTGACCTCGG-1,6.874511739301169,-3.275326549782864
CCGCCGGTCAACACAC-1,6.43120434999994,22.329498947603597
CCGCGGGTACGAAGAA-1,9.187259564905919,1.4884144496952507
CCGCGTAGGTAAGGGC-1,13.28222877043346,5.481828480012934
CCGCTATCAGCACCAG-1,-22.362756450344307,-18.967335737059148
CCGGAATGGTTTCAGT-1,24.378453749560613,-20.814174619553732
CCGGCGCATATTGGAT-1,12.150899414032514,7.735222218297844
CCGGGACCCGCAGAGA-1,-18.370098971640765,-20.414226733026503
CCGGGCGGTCTCGTCA-1,-16.80311592198736,3.827446868002779
CCGGGCTGCTCCATAC-1,-14.32615242024179,10.437229858084223
CCGTAAGTTGGTCCCA-1,-16.61191631658347,3.75526520203438
CCGTACCCAAGCGCCA-1,20.12962087981482,-22.225925819250218
CCTAAATTAACGGTTC-1,-17.958327673240216,-6.362913024470493
CCTAACCCAAACAAGT-1,-19.883526452773033,17.6547631869831
CCTACGGCTCAGTCGA-1,32.963863412464285,-17.8242235998431
CCTACTGCTTACACTT-1,6.624808327880806,-19.308997176680016
CCTAGGCGTAGCGATC-1,-16.26146568140812,12.758247069385986
CCTATAATGAGTGCCC-1,-18.1944692124438,20.791334633792307
CCTATCTATATCGGAA-1,-1.2784680967311024,18.504519114199333
CCTATGGGTTACCGTC-1,-22.000319927366665,-1.5663735218948545
CCTCACCAATCTTGAC-1,29.381546224886797,-18.10692705415632
CCTCATGCAGCTACGA-1,13.276221539089244,-14.263051364841425
CCTCCGACAATTCAAG-1,6.203678782659158,-3.8586485071829597
CCTCGAAGTGGACGGG-1,14.678796770321064,26.92169439563236
CCTCGCCAGCAAATTA-1,-0.8052738617023218,19.330138525201257
CCTCGGACCGGGATAG-1,-19.320418287827618,14.383981002125225
CCTCTAATCTGCCAAG-1,-11.257151962680817,5.723529894188053
CCTCTCTCCCATCTAG-1,8.32045688773142,-2.5365060261849677
CCTCTGGCCTAGACGG-1,-0.4102655269317451,22.304858881975797
CCTGAACGATATATTC-1,-14.364047715484364,10.472984057698538
CCTGAATATTTACATA-1,-13.372716332358058,3.109955227257611
CCTGACAAACTCGCGC-1,-20.75765964518757,-24.245658045276137
CCTGACCACCGATGGT-1,-22.835610169079565,-19.881342064407473
CCTGCGATAGAACTGT-1,16.00891982537514,-14.690749501953285
CCTGCTATTTGAGAAG-1,7.046179733282368,-18.981261571115194
CCTGGCTAGACCCGCC-1,7.881464012044199,-16.08277005690761
CCTGTAAGACATGATA-1,9.061363319601993,-2.2979157308654283
CCTGTCACCCGGGCTC-1,-17.636528768643213,-9.8909167239196
CCTGTCGCCCGTAAAT-1,-13.14138976136876,-8.71901557999139
CCTTCTTGATCCAGTG-1,1.8428103464868382,20.74632165062255
CGAACAGTATGGGCGT-1,5.988740588826165,13.009831304078082
CGAACGCCCAGTGCCG-1,13.921222203211498,26.582884657385666
CGAAGTTGCTCTGTGT-1,7.552618069375277,-1.3527393186305123
CGACAATTTGATCTAA-1,1.1650843548898084,13.529807004896051
CGACACGCTCCGACAG-1,-13.228709789027498,17.208768087118454
CGACAGTTCGCGTTAT-1,8.390411509761865,-1.2021579823933755
CGACTCAGGATGTTAT-1,9.648443862602383,32.32429764511951
CGAGACCCTAGAGTGT-1,-16.524085280739502,-17.841926916860743
CGAGAGATGTGAACCT-1,-18.278090237254197,-1.5198957322437225
CGAGCACTTCAAGTTT-1,4.333582832332049,-6.474462745327075
CGAGCTGGGCTTTAGG-1,7.491186533005134,22.673332403300417
CGAGGCCAGGCATTGG-1,33.258518546476154,-16.414631627685406
CGAGGCTAAATATGGC-1,-20.439078691211144,-2.1402755194100065
CGAGGGACTGCGGTCG-1,-23.32518114031399,6.15307697576992
CGAGTTCTGTCCCACC-1,2.9665162803331135,21.878431844656454
CGAGTTTATCGGACTG-1,2.6039474888077456,14.335619060212005
CGATACCTCGCGGACA-1,5.393574630470218,-1.8543814422746183
CGATCCGACCCAGTGC-1,6.414645736361767,-14.034857087256595
CGCAAACACGAGTTAC-1,23.333464162975286,-21.42058102177126
CGCAATTACTTTCGGT-1,24.772208923995095,-20.942644541637033
CGCAATTAGGGTAATA-1,9.88593602583123,-19.171680826216964
CGCAATTCTACAATAA-1,2.156571038110694,3.6566290749450987
CGCACATGTCCACTAC-1,-10.570530769242815,12.338794686705084
CGCACGTGCGCTATCA-1,2.439560725882513,17.74139914686205
CGCAGGCGATCCAAAC-1,11.086585908049983,13.354700068752411
CGCATGGTGCGATGCT-1,-17.46893070723028,-7.028063407174417
CGCATTAGCTAATAGG-1,-15.622360795538128,-17.589922639456468
CGCCATCCGATTATGA-1,6.350733841891882,24.439537167559397
CGCCCGCTTCCGTACA-1,0.3568250577611938,21.696856058692365
CGCCCTTGAAGGCTGA-1,9.815521926467847,-3.7403294179506577
CGCCGCCCATGCCTGT-1,-17.17932089518942,11.739781018845155
CGCCTCCCTCCTCTAT-1,-22.04613797129692,4.940775731304341
CGCGCCCGACTTAATA-1,-4.267620882847399,16.46580276471416
CGCGGCAGTATTACGG-1,31.716137823122057,-13.369162165480496
CGCGGCTCAACTTGAA-1,2.3157532638455436,13.458081865207888
CGCGGGAATTAGGCAG-1,-10.525697588981053,7.5185274496955135
CGCGTTCATGAAATAC-1,3.6660714758419197,-15.482787943439725
CGCTACGGGACATTTA-1,8.26833987650788,-10.222545648817869
CGCTAGAGACCGCTGC-1,13.825865401429306,22.516189768700368
CGCTATACCGCCCACT-1,27.982080123693688,-20.23046160035556
CGCTATTCAATGTATG-1,30.708008265444743,-15.250670782229715
CGCTATTCTTAGGCTC-1,-5.151499053332175,-8.695862716248369
CGCTCGACATAATGAT-1,15.204602298277832,-20.822164425524438
CGCTCTCCGTAGATTA-1,7.9205243842573445,-4.778338115247471
CGCTGGTGACTACCCT-1,1.7139989496884458,13.281918211455052
CGCTGTGACGCCGCAC-1,9.097146558375853,-20.99965584585109
CGCTTCCACTGAAATC-1,19.522143645520476,-20.630161641237923
CGCTTTCATACCGGTG-1,11.733490191255976,7.363661514521699
CGCTTTCTTGCATTCG-1,-13.614834151844875,9.92089819166327
CGGAAAGCAAATGTGC-1,-13.283378054971601,-18.439757005088108
CGGAGCATGGCGATCC-1,-19.39005387896504,-19.28175065493106
CGGAGTTTGAGAGACA-1,9.111514128057754,-11.987876522135664
CGGATAAGCGGACATG-1,13.238381543052721,2.61606397812598
CGGCACTCAAGAAAGT-1,32.87616657907164,-15.978284128770245
CGGCAGGGTCGGGTTG-1,0.6803827922248474,19.283236075637543
CGGCCACGCACAAAGT-1,-5.132061229902854,-9.57405143070467
CGGCCCAGGTATATCC-1,15.304722411447164,27.8851781892743
CGGGAATATAGTATAC-1,16.124871933825503,28.07802236869658
CGGGAATTTATGTAAA-1,-18.148324379991006,-14.57562258830588
CGGGAGCTTCAGTGTA-1,-19.92319468260155,17.793824533983173
CGGGAGTATACCGCCG-1,13.350878900767345,3.6599985999204927
CGGGATCAATGTAAGA-1,-16.984896452288258,-16.040096412371344
CGGGCAGCTAAACCGC-1,0.46628667679635755,-10.989794975382738
CGGGCCATAGCCGCAC-1,26.502706438295036,-18.47657984400041
CGGGCCTTCTTTGTAA-1,-2.021485508048711,-9.158673150136025
CGGGTGTACCCATTTA-1,-16.718054641127157,14.033596503101707
CGGTACTAGAATCAAA-1,-22.480314841626775,8.568994424266695
CGGTCAAGTGGGAACC-1,-9.470995818822912,5.058853973421569
CGGTCTATCAACCCGT-1,10.237770778981508,28.746971905270307
CGGTGTACTTGATCCC-1,30.330402326001508,-16.417080485912773
CGGTTATCCAACAGTG-1,-0.7157580025401344,23.908658396787406
CGGTTCCGGCTTCTTG-1,1.473694017155523,-6.864835272845911
CGTAAACGCTTGAGTG-1,32.07657552064106,-18.825340998743147
CGTACCTGATAGGCCT-1,-13.051094976639018,1.4710102161413066
CGTAGCGAATTGTCAG-1,10.911260360162549,31.67014248071667
CGTATTAAGAGATCTA-1,2.4168118275324364,-12.309862577183873
CGTCAGCTATTTACTC-1,13.320233498316092,8.40059865638162
CGTCATACCATATCCA-1,10.715113314267647,-12.20832492156554
CGTCGCGGCGGGATTT-1,21.727836232744405,-16.490947096163026
CGTCGGATAGTGTTGA-1,1.3779132660140032,18.27338792036231
CGTCGTCCTTCGCGAA-1,11.95029019686185,10.290577989072368
CGTCTGGAAGGGCCCG-1,-7.801551390052272,4.302538625279508
CGTGAAGTTAATTCAC-1,-2.6381911405588987,-8.930236861640042
CGTGCAGACTGGGACA-1,-20.235841824403696,5.560833545279722
CGTGCCCTCCCGAAGA-1,-21.571549063196994,5.765218001117108
CGTGCTGGCCTAGTCG-1,21.894064903384265,-16.98060996761337
CGTGGCCGAATATCTA-1,11.86540353833852,15.337699325617724
CGTGTCCCATTCGCGA-1,14.874139398060453,-21.568847618242234
CGTTGAGCGACCGTCG-1,-21.718651903224544,5.609424166840276
CGTTGTAAACGTCAGG-1,10.804070441961459,6.408332716055596
CGTTGTTTCAATTCCC-1,8.168231349673276,-6.467488319687276
CGTTTAAGCGGAGCAC-1,7.9647075532484655,23.693900224223945
CGTTTCGCTCATTACA-1,13.91757695989605,-11.553687398267149
CTAAAGAATGCCTACT-1,8.521668062601522,-1.1652413274994176
CTAAAGGGAAATAGGA-1,-21.50950416621587,-21.92539372180243
CTAAATCCTATTCCGG-1,8.073670327316766,24.899006516917876
CTAACCGCGCGCCCGT-1,14.445512046085385,7.702626043157374
CTAACGAAACTTGCTG-1,15.067344000124107,21.05986895791307
CTAAGGGAATGATTGG-1,-22.05723696640161,3.9349626299139664
CTAATTCGCACGCGCT-1,13.84192156381995,-22.01606523971976
CTAATTTCAACAACAC-1,18.10776494113682,-22.035180514964182
CTACCCTAAGGTCATA-1,-0.6355062352844376,18.71618847453737
CTACGCACGGAGTACC-1,-1.3615764333535738,-9.840635980184956
CTACTATCTTTCAGAG-1,1.8972339965235936,18.06800790993015
CTACTCTAGGCCCGGC-1,6.328036074956103,-2.0209395422004532
CTACTGCCACCTGACC-1,-20.281092978882995,-17.654856269850022
CTAGATTTACGACGGC-1,-20.853640627006182,-1.34353547646135
CTAGCATAGTATAATG-1,-19.798191107650577,-20.398578701816955
CTAGGCGCCCTATCAG-1,-12.909558427318485,17.265778735552452
CTAGTCACGTCTTAAG-1,-23.800895090809707,-19.36608919300209
CTAGTGAAGGACAGGA-1,11.044504311760901,-3.044344969751981
CTAGTTGGGCCCGGTA-1,-18.3726098741603,-1.8848574444026025
CTATCGACGAAATACA-1,5.517527625044741,13.182591070298976
CTATCGGGTCTCAACA-1,-19.050889792650814,-17.30516329318853
CTATGTCACTAGCCCA-1,-20.18563160068124,-16.69581330540165
CTATGTCTATTGAAAC-1,4.942887030226857,25.52991185812551
CTATTTGGTTACGGAT-1,-18.48801593109653,11.14800206899183
CTCAGGACTCACCTGT-1,31.63155784241819,-15.028764368216978
CTCAGTCACGACAAAT-1,7.87281400270569,29.469629082844676
CTCATGGCTCACAATC-1,15.52381317349538,27.429587193611997
CTCATTTGATGGGCGG-1,-13.935100952446291,-4.060106674624469
CTCCGGCCTAATATGC-1,-12.91078730901001,-1.2718083818016388
CTCCGGCTTGTAGACA-1,29.112063690580193,-16.877101187216017
CTCCTAAGTTATGTCT-1,27.01548474185482,-20.621161945926186
CTCGAGGTCGAACAGT-1,-17.095182128200655,-19.80949907324844
CTCGCACCTATATAGT-1,-15.242854486400931,-0.7736842628301561
CTCGGTACCACTGCTC-1,-20.982431300963814,7.20884012063962
CTCGGTCCGTAGCCTG-1,-4.150710727762166,-11.708069256715847
CTCTATTTGGCTGCAG-1,-22.496263266138577,-18.80627902124517
CTCTCACAATCGATGA-1,-20.81458122010095,-2.250659889993852
CTCTGGACGCCTGGTG-1,-14.591562964972805,-6.472269009895916
CTCTGTTTGAGGATTC-1,10.875272123409436,29.517138338546616
CTCTTCTATTGACTGG-1,6.23322116996333,14.965307606373367
CTGAAAGAGATCCGAC-1,-3.653947206751752,16.181032245679145
CTGACTGCGCAGCTCG-1,8.98423324191239,34.603204316097354
CTGAGCAAGTAACAAG-1,31.70757698891467,-15.771416868914592
CTGCACAACTACATAT-1,-20.646588446467145,0.018486447020619325
CTGCACCTGGAACCGC-1,-9.27212616342313,-7.295174768171968
CTGCCAAGGTTGGAAG-1,-1.8525999485446147,19.771196007748067
CTGCCATGCATCACAT-1,-11.06782662955456,-8.408064525161844
CTGCGGGTGAAATGTT-1,13.861820860369859,6.179434219068411
CTGCTTGGCGATAGCT-1,-20.783490539709263,13.638289388280544
CTGGAAATGGATGCTT-1,1.796437923830084,-14.85609575237315
CTGGAAGACACGGTGG-1,-21.606343174646664,18.155801084756
CTGGCGACATAAGTCC-1,9.653257288917432,30.674087783597248
CTGGCGCACAGGTCTG-1,-12.200088775700594,10.67241925297271
CTGGCGGGAATAAGTA-1,13.180537724154496,-19.02207424341759
CTGGCTGATTCATCCT-1,0.5718444165358433,14.426551504824847
CTGGGATAAATAATGG-1,-17.361236536134143,14.480092220515889
CTGGGTAGGCAGTTAA-1,-22.20856213936278,6.899534011756805
CTGGTAACACATAGAA-1,-18.53063383255309,13.34114779458709
CTGGTAACGAGCTCTT-1,-0.6109994623183174,24.159270271218848
CTGGTCATTCCAATCC-1,13.455124457898117,5.396561553384458
CTGGTTTCGAGCAAGA-1,-19.662167404836744,14.61956138166796
CTGTACTTCTTAGCAT-1,6.863494352259445,-10.969060089428012
CTGTATGGTGTAGAAA-1,30.11780894512037,-15.02901853175896
CTGTCAAATGGCTCGG-1,6.223576358924373,25.387291150066947
CTGTGCAGGGTAGGTC-1,-21.60423861346973,-1.9375297014605841
CTGTGGTCGGGAGATA-1,10.368929011803598,13.192949217269394
CTGTTCACTGCCTGTG-1,-17.825479099703816,-19.673398511680077
CTGTTCATCTCACGGG-1,27.53326800410243,-18.022121985785652
CTTAACTTCGAAGTAC-1,9.631660348924378,34.07359201477578
CTTACACGGTATTCCA-1,10.500747297319585,-13.913336607776245
CTTACACTGGGAAATA-1,-1.2222110659625862,-13.011365784149588
CTTAGCCTTCCACATG-1,2.6277440385857638,21.162787752846015
CTTATGTTGACTACCA-1,33.604659632400214,-18.7493913781893
CTTCATAGCTCAAGAA-1,30.83591413896614,-17.57202323700932
CTTCATTGTCAGTGGA-1,-10.101301984410833,-8.584860935203926
CTTCGTAGATAGGTGA-1,8.982927836711442,-2.396850775333967
CTTCTTACGTCGTATA-1,7.31567444714636,23.119661346862916
CTTGAGGTTATCCCGA-1,33.687989751376506,-17.41610871243407
CTTGAGTTAGGGTAAT-1,-12.177652917358198,13.412756251605222
CTTGTACTTGTTGACT-1,0.4691316684940561,-14.792468722011167
CTTGTCAACATTCGAG-1,-19.3735196813803,-8.901850592058473
CTTGTGAGTCTTTGAC-1,5.038290731976617,-9.60984449169506
CTTGTTGCTGAGTCAA-1,-21.36761637218988,7.517309029201172
CTTGTTTATGTAGCCA-1,31.054777484304573,-15.307851509054172
CTTTAACTTTCAAAGG-1,-13.972639716607969,-0.09490491144253187
CTTTAATATTGGTCGA-1,-17.36644430597759,-7.885793983365417
CTTTACCGAATAGTAG-1,-20.48501348722835,18.148120785374324
CTTTAGGAACACTGTT-1,-18.922596821345014,14.329099259361296
CTTTAGTGCTATTATT-1,-21.650427975167066,-20.155281327688765
CTTTGGCTTTAGTAAA-1,6.933595220770415,-12.28577581177842
GAAACAGATGACCACC-1,-11.664417238056572,17.22952006557431
GAAACAGCCATGCAGT-1,10.926937859917714,26.164379382812175
GAAACTCGTGCGATGC-1,6.283938529491227,-1.2136242559083696
GAAACTCTAATGAAGG-1,9.494024936588044,33.24380639573776
GAAAGAACAGCGTTAT-1,8.834178626642094,33.77010482975496
GAAAGTGACTAACTGC-1,16.74153938513251,-22.682261733821353
GAAATACTAAACGTTT-1,15.89103771872988,-18.63425010374269
GAAATCGCGCGCAACT-1,-3.4667750948360063,16.167453694058167
GAAATCTGACCAAGTT-1,-22.126893073989493,-23.20543855493284
GAAATGGCGGTGTTAG-1,3.5893908583393452,-13.498293626621301
GAAATGGGATGTAAAC-1,31.52620342331248,-13.68064490194459
GAAATTGTCTCTATAA-1,5.602477822615713,-2.743103838214537
GAACACACATCAACCA-1,7.522422125607681,-19.895985155806617
GAACGACCGAATGATA-1,-12.054714645539775,2.607845025329279
GAACGTCTCATGGTCG-1,-4.049284585489657,17.497949844641816
GAAGAACGGTGCAGGT-1,13.285524212023985,-19.029829969336156
GAAGCGTGAGGAATTT-1,-6.132282925982786,-9.804746534921252
GAAGCTTGCTGACCGC-1,14.64037769800953,-21.989490711147766
GAAGTCTCCCTAGCGA-1,-2.665648245404693,16.491424298409484
GAAGTGATTTATCGTG-1,11.227657351021735,-0.06698797429396518
GAAGTGCTGGATAGCT-1,7.489473003209843,20.61821983572948
GAAGTTTCCACTCAAT-1,8.653533527430712,-11.367635105094262
GAATAGACGCGACCCA-1,-12.041063983983868,12.221379799008014
GAATCGACATGGTCAC-1,13.001667576128918,-22.354754212599076
GAATCTGAACATTCTC-1,-18.031802230532666,-13.343034836137976
GAATGCCGAAATGACC-1,11.979216901841642,-2.02011418835489
GAATGTGGTCCGGATT-1,-18.656152489856648,11.755493879391118
GAATGTTGGGTAATCT-1,-13.474829106791805,4.53195749727214
GAATTATAGTGAAAGG-1,-15.747318888248659,-14.92347609926476
GAATTTCTCGCTGCAG-1,3.886767903403565,-3.3149390794173748
GACAAACATATGCAGG-1,6.13614272932249,15.120009591739581
GACAACGACCATTGAA-1,-8.760528122957846,4.815897712063076
GACAACGCAGCTTACG-1,-18.734598401806924,-18.914426670924033
GACACAAGGGAAGAAA-1,-16.369372349458335,-1.4676370733523962
GACACGAGTTAGAGGA-1,22.08577755883165,-18.867510834695675
GACAGCCAGACCTGAC-1,-18.394979000506982,11.719916620222739
GACCAGAGCCCTGTAG-1,7.117672360027418,-12.253947132619599
GACCGTGCTGACGGTG-1,7.850727786556753,-11.29719980885941
GACGACGATCCGCGTT-1,-19.839786006831066,-13.19036762753545
GACGCCTGTTGCAGGG-1,22.299810548916852,-17.895529179066564
GACGGTCAATAGAAGC-1,9.477721841191192,34.84553650670445
GACGTGAGACTCCATG-1,4.478131897302947,-9.141543178224167
GACGTGTAGGGATTAT-1,10.636304018711538,-12.621259578038165
GACTAAGATCATGCAC-1,-0.6093242461215133,-13.825916261716388
GACTAAGTAGGCTCAC-1,9.893788677007803,-21.38408736178922
GACTCGCGGGAATGAC-1,9.720475257334808,28.992055794842166
GACTGCACCAGCCCAG-1,-22.41560804069351,6.877430318767558
GAGACTGATGGGTAGA-1,-3.3238532706761545,-12.258097675458018
GAGAGGGCGCGAGGTT-1,10.07094900354103,2.224649566382934
GAGATCTGCTTGGCAT-1,10.102476678397233,-12.396421503225417
GAGATCTGTCACTCCG-1,-15.145278326437563,-0.9356756438051919
GAGATCTTCCATGACA-1,-22.102789630234188,4.23998544249784
GAGATGGGAGTCGACA-1,-21.76061075374545,-23.708030673207762
GAGCATCATCCCTGGG-1,4.5843403718021,-15.63898080435061
GAGCCAGCTACCTGTG-1,5.9227620301189114,12.895622565252323
GAGCGAGGGAGTACCG-1,7.301868392981011,21.841293517581473
GAGCGCGCACGAGTAG-1,-14.06738730858193,18.501964304468743
GAGCTAAGGGCATATC-1,-11.580481440294465,7.846647760242495
GAGCTCTCGGACCTAA-1,32.20435651377467,-16.77580836775629
GAGGAATGGAGAGGTT-1,11.254967011301773,-17.734172916539926
GAGGGCATCGCGTATC-1,17.03520667057401,-20.0993492272896
GAGGGCGCAGCTCTGC-1,-0.13588677239224609,20.958094111021104
GAGGTACATCCATCTT-1,9.526473154389855,34.66886533879481
GAGGTCCCAAAGATCT-1,28.613300876516643,-19.951536207599162
GAGTACGGGTATACAA-1,8.868254281662026,-17.936726351520726
GAGTCCGCTTACCGGA-1,-13.489613512527045,-19.731093586676764
GAGTGTGCGGTACCCA-1,-16.279838355992094,18.43840767936271
GATAAATCGGTGGATG-1,12.786857667387794,-19.304662001175096
GATAACTCGCACTGTG-1,-16.789591224251126,13.14888148186377
GATAAGGCAGATGCAA-1,15.380091013638976,-14.261655803172395
GATATCTCATGCAATA-1,15.207288928121086,28.01709895368485
GATATGAGACACTAAC-1,-17.879206499586143,7.725664034192152
GATATTGAGATTGGCG-1,11.573979309469351,26.622798939911316
GATCATTCCAAACATT-1,-0.7717632241994781,-13.371155478421505
GATCCCTTTATACTGC-1,-18.886367397790508,-18.736508820330876
GATCCGGGAATTAACA-1,-17.015070959437985,-8.503992395066867
GATCCTAAATCGGGAC-1,9.75867397266041,31.64437036916379
GATCGACACTATCTGA-1,7.960720198573858,-19.56743396564009
GATCGCGGGCTCTCCA-1,13.76302898836922,-11.330710886272374
GATCGCTACCCGATTT-1,1.0231963401391135,4.324409673564922
GATCGGCGATAAGTCG-1,10.977783435286431,2.3858264620012526
GATCGGTGGCCATAAC-1,-19.04975716978154,-2.3848787167040095
GATCGTGACTGATATC-1,-23.717082490549338,-20.528139071028097
GATCTTGGAGGGCATA-1,-21.761988102822755,3.0623411872400164
GATCTTTGCAGGGTAT-1,9.309295960586866,-3.457031856095279
GATGCCAGCAGAAGGC-1,11.442085098419454,0.03795357734686753
GATGCGTCCTGCATTC-1,-2.1861046692992865,-9.377445757451067
GATGCTACAAGCGCCT-1,-17.97007189907613,-19.413697652940712
GATGCTGTATTTCATC-1,-21.069467110665965,-0.04165096240757893
GATGGCGCACACATTA-1,28.933407956183963,-17.110974464960254
GATGTTCAATCCACGA-1,13.956108087021352,6.778900866845514
GATGTTTGTGCGAGAT-1,28.552976586312244,-15.064549849655938
GATTAACCGAAAGCCC-1,13.790463545872225,19.286651226050356
GATTCCCTTGTCGCAG-1,-17.151866075240385,-1.9430465786251656
GATTCCGCGTTTCCGT-1,14.058747096168615,28.567423276017518
GATTCCTATACGGCGC-1,5.451000655287972,-4.536812135554075
GATTCGACGGTTCACG-1,-18.52398179271028,-7.377006325677704
GCAAACCCTACATTAT-1,-21.093886401741916,6.439956705306024
GCAAATATTACGCTTT-1,4.2741560310166,-4.888190341953169
GCAACAGCAGTATGCG-1,9.6496446729672,20.916792175402744
GCAAGTGCACAGAGAA-1,14.881641500973242,-21.971120434022247
GCACAAGTGGATCATA-1,-17.430361334360228,-19.120956939943472
GCACTAGTCGCGCTAT-1,0.7055464265986261,-13.704178861750961
GCACTGTGCAAATGTA-1,3.1714583154841356,-9.480417549270431
GCAGACCCAGCACGTA-1,8.617529112895232,28.769477288038825
GCAGATCCATAAGACT-1,-15.68883163209798,18.52364968740307
GCAGATTAGGGATATC-1,-9.96570921638415,-8.774293257961894
GCAGCACACAGCCCAG-1,8.321816322318218,-2.5114540619774517
GCAGGACTATAGAATA-1,8.067847351643595,-2.008858719689667
GCATAGAGCACTCAGG-1,-4.365761898891618,-9.361299792519342
GCATCCCTAACTTTGA-1,13.387061257123761,-21.14702231243013
GCATCGGCCGTGTAGG-1,12.831427436503683,12.096377828811136
GCATGAGGGACGCGGC-1,-0.546653252107324,19.167395313218353
GCCCACCAAGGCTGTC-1,10.262136542960235,-17.460110263005372
GCCCAGTTGGTATGCC-1,27.758548965604824,-17.16656955583158
GCCCGCGCGTTTGACA-1,29.07485572106409,-18.933991377370937
GCCCGTAATACCTTCT-1,-11.474644442161017,6.245363548777379
GCCGAAATTCCTACGT-1,7.783529658439636,-11.886409433700221
GCCGATTGGCCAAGCT-1,-10.795595709375695,-8.599257082331462
GCCGCTTGTGAGAAAC-1,11.355665263715618,-1.065058599853295
GCCGGGTTAGGGTCGC-1,-5.093783351663808,-8.500967687088483
GCCTAGCGATCTGACC-1,22.633617947325195,-19.976325577175032
GCCTATAGTGTCAGGG-1,0.16928303143893672,20.203242613374233
GCCTATTCCGATATAG-1,14.59755585907368,-22.7676598491264
GCCTCATCTGGAAATA-1,-9.725970751616662,14.891532843073731
GCCTCTATACATAGCA-1,10.940604835113783,10.911641257641534
GCCTTCAGCCCTACCG-1,-15.18171860735076,-17.348827087419227
GCCTTGTATATGCAGT-1,13.968182663270676,5.452748532680515
GCGAAACGATCGGGAG-1,12.454960206567531,12.518483724344406
GCGAAACTTAACTGGA-1,-19.564398177693768,13.018197066464452
GCGAAGCCATACCCGT-1,-12.610498144068153,-8.637978972989876
GCGAGAAACGGGAGTT-1,21.681349646623943,-16.528753834539614
GCGAGGCCCGAGCAGA-1,4.430613155076399,-2.6462243318264007
GCGAGTTCTGCAAAGA-1,-13.487753188124742,-9.033947789318677
GCGATTGTTAACGTTA-1,-21.335380648356047,-0.4959481182917144
GCGCAAGAGCGCGCTG-1,1.2820068116221424,22.655028255837355
GCGCATCCAGTCAGCA-1,14.612612328632663,27.49987766451096
GCGCCGTTCCACGATA-1,-17.22799654229488,-6.063144720400836
GCGCTAATTGAATAGA-1,-22.15642537383715,-21.54009944885203
GCGCTGCTTTGCATTT-1,-1.7304065909461452,21.79215498345488
GCGGAGAGGGAGAACG-1,-21.853557722507965,5.896728580031578
GCGGCTCTGACGTACC-1,14.502977096603946,7.639203971523099
GCGGGAACCAGGCCCT-1,1.714039772865552,-15.227954871618802
GCGGTCCCTAGACGCA-1,1.5245058987623865,-7.101197671288672
GCGGTGCGGAGCATCG-1,-15.508206316943658,-15.755356278262058
GCGTAAATGGCCATAA-1,10.834623654888249,31.805407643565072
GCGTCGAAATGTCGGT-1,-9.305627788072055,5.431331678150091
GCGTCTCTGCATTGGG-1,14.341187552714258,7.666622398720485
GCGTGGTACTGGGTTA-1,0.7188432430885137,19.01587234076378
GCTAAACCTGAGGTGA-1,4.802716359293306,-6.143427032099896
GCTAAGTAGTTTCTCT-1,-16.310089877669142,5.759933502962964
GCTAATACCGAATGCC-1,11.501347300850654,-21.051157983933816
GCTACGACTTATTGGG-1,-20.163221406427105,-0.34618747854433374
GCTACTATAGTAGAGT-1,-10.406091764486463,16.14846759737816
GCTAGACCGTCTACTG-1,6.717514854273539,25.950416835741162
GCTAGGCACCACGGAG-1,-20.323993462650545,19.31053948854241
GCTAGTAGAGCTTGTA-1,-17.52314180474912,-17.016185470525766
GCTAGTTTCATTGAGG-1,29.739363892306507,-17.716924144167574
GCTATACGTCTCGGAC-1,-21.03369256914219,17.54439310576381
GCTATCATACTCATGG-1,-18.163915626677337,19.613273355707282
GCTATCGCGGCGCAAC-1,15.315432523639597,-21.668020108539732
GCTCGCTCATGTCCAA-1,1.5908922603071234,15.959088709109231
GCTCGGAATTTAAAGC-1,3.672742047439602,26.245199513209407
GCTCTAAACCCTGACG-1,-17.08418823251331,-11.850786473820492
GCTCTATGTTACGTGC-1,18.29980408885389,-21.850124608317635
GCTCTCGGGTACCGAA-1,-18.753342794310683,-19.394318182338914
GCTGAGCAACGGTTCT-1,-12.955556250474446,-17.303080056432684
GCTGAGGCGTGAGTAT-1,-17.61020942569241,-7.354861913094161
GCTGCACGGTTTCTTA-1,-20.824353101066997,3.9786592089968176
GCTGCTACTGCGTAGC-1,-21.412549147689106,-21.910568525065052
GCTGCTCTCCGGACAC-1,-17.17743051120985,-5.63488937737747
GCTGGCATATTCACCT-1,7.0536532046180245,-4.238370434971226
GCTGTTGCTACCGAAC-1,2.966360243644806,14.170809637699504
GCTTAATGTAACTAAC-1,-18.53942349837778,10.821185167755724
GCTTATGAAGCAGGAA-1,-13.729079878428792,11.828332347847352
GCTTCCGTCCCTAGAC-1,-15.172574245882734,7.492808633178884
GCTTGATGATAATCAG-1,28.851704152672273,-14.950221500828329
GCTTGGATCGATTAGG-1,14.977540760504908,28.003067499673744
GCTTTCAGAGGAGGTG-1,0.5605005020642958,19.644960998052547
GGAATGCGCTAGCGTG-1,-13.523448659308363,9.461430289695903
GGACCAACAGGATAAC-1,-19.34172661921808,-24.38820350726148
GGAGAAGTCATTGGCA-1,18.305429884312463,-19.974960018175107
GGAGACGACACCTTTG-1,-23.73978803850202,-1.78002953037233
GGAGCACCAAGAACTA-1,7.99659356413665,23.908796328678633
GGAGGGCTTGGTTGGC-1,-16.61784883736864,4.214144160132393
GGAGTACACATGAGCT-1,-21.62024289214098,-22.868062721906213
GGAGTGCCGCCCTGGA-1,-16.84281684400768,-18.24949270531522
GGATCCGGAATATACT-1,-17.565675269993257,6.683221357598355
GGATGAAGATCGCTGA-1,1.2953614322043674,14.00336500563612
GGATGACGCGAGTTTA-1,12.230993839992193,-2.7386915969804018
GGATGTCCTTACCGCA-1,-1.6512596831178028,16.090051442658012
GGATTCAGTACGGTGG-1,30.762000252882903,-14.926312020263444
GGATTCCGCTATACCC-1,15.002737104972198,27.45334609781327
GGATTTCACTTCTATA-1,-13.86252256346208,10.0527694239415
GGCAAATTACTTTACT-1,1.0698074811193006,-11.146781562676507
GGCAAGGCGAAATAGC-1,-19.456197777948724,-0.009633163777737678
GGCAATAGTCAATGAG-1,-17.64918828252097,-1.3723790445484476
GGCACTCCACTGGGCA-1,10.755553501510146,-13.30492638394455
GGCAGCAAACCTATGC-1,10.121808592674844,22.53346265137046
GGCATACAGGTAGCGG-1,5.795646257882116,-0.14763050740725403
GGCGAAATCTAACTTG-1,-18.71122966518827,15.210541945006588
GGCGCATGAATTGATG-1,-1.9407462438426832,-8.600767119613916
GGCGCGTTCGAGTTTA-1,-12.94492207755139,-19.038134159851193
GGCGCTCCTCATCAAT-1,14.533595637672194,-17.501435560285742
GGCGGAGTAATATTAG-1,11.196079252682567,-13.409188285433144
GGCGGTAGGATCATTG-1,-16.199418087930407,-4.060522962011878
GGCGTCCTATCCGCTG-1,10.905294627700002,-3.7724354830648203
GGCTATTAAGTTGTAT-1,7.109725206660931,-8.751494535874214
GGCTCGCGTTGAGGTA-1,0.8550541091530272,17.698359487953024
GGCTCGTGCCACCAGC-1,29.937657004788743,-18.952807691748077
GGCTCTGCTCCAACGC-1,-14.25919455018684,0.2871327244401548
GGCTGAAATAGCAAAG-1,-21.32843656473191,9.390169579433081
GGCTGGCTAGCTTAAA-1,21.50500702259141,-20.123993092003353
GGGACTGCATAGATAG-1,-10.292763570448072,-8.66025521134819
GGGAGAACTCACAGTA-1,-18.03959530687135,-11.894500611562837
GGGAGGATGCCCGAAA-1,11.268473965871324,-13.609965427463724
GGGAGTTAATGAGGCG-1,-17.971525013637653,-0.32957946649375547
GGGATTTACCGCACCT-1,-16.493002102640357,12.482896258956252
GGGCCCGTCTTAAACA-1,4.402803290508511,-2.4298517074635217
GGGCCGGCCGAAGTAC-1,-15.549007545426306,10.537130581030386
GGGCGAATTTCTCCAC-1,-13.57659788448538,-19.587205793954727
GGGCGATATGTGTGAA-1,-16.041627611728337,-17.112924548867717
GGGCGGTCCTATTGTC-1,32.602856834712576,-18.07093848810151
GGGCGTACATTTATAT-1,-3.5441980038784164,-12.151698879818642
GGGCTCATCGAACCCA-1,13.654753790172501,29.012332221673002
GGGCTGCCTAGGGCGA-1,-16.72124543495884,-7.339145452440783
GGGCTGGTTAGTCGCG-1,3.6255840473994585,-13.434122543039972
GGGTAATGCTGTGTTT-1,13.097945825060208,-10.854800262509812
GGGTACCCACGGTCCT-1,33.60930128691902,-17.547238339267285
GGGTACTTCATGAACT-1,7.906170586938125,-3.190916425943033
GGGTATGTATGCACTT-1,6.605373918315598,-5.308505133143824
GGGTCACCGTGACGGT-1,11.302166299258042,-11.81633060391284
GGGTCATGCGTACCAT-1,11.459957455307597,2.6053729180493064
GGGTGTTTCAGCTATG-1,7.851354132289861,23.182672879383542
GGGTTCAGACGAACAA-1,11.176582159653071,-10.982142499784183
GGGTTTAGGATAGGAT-1,10.10898492287263,30.560898990013246
GGTAACTATGTATCTG-1,2.155679687162447,3.383363139775467
GGTACAAACATGCTAT-1,0.45029704288285527,-10.913474525834474
GGTAGAAGACCGCCTG-1,-21.97161117468276,7.939747450852296
GGTAGTGCTCGCACCA-1,-17.270032242501852,-8.482079256212073
GGTATTGCCGAGTTTA-1,5.521755703807956,-12.74620534064565
GGTCAGTGGGTCCCAC-1,-12.749893991838835,-17.392231278348113
GGTCGGCCAGGAGCTT-1,-13.103972969907204,9.354901432596739
GGTCGGTAATTAGACA-1,14.621913878315391,-20.03145155276428
GGTCTGAGAATCTGGA-1,-15.586098141862978,9.733256005033224
GGTGAGATGCAGATAA-1,31.405000615503948,-18.174231083599995
GGTGATAAGGAGCAGT-1,-16.97398875176456,9.63666288179881
GGTGCGGATAAGTGGC-1,2.0139984077639816,-15.284987705875958
GGTGCTGATCACAAAG-1,12.427004189362155,3.1435361581448005
GGTGCTGGTACACATT-1,12.592418548969315,6.975499466190442
GGTGGACTGCTCTGGC-1,-20.41321885753354,19.125297931872886
GGTTAGCTATATGTCT-1,-18.95414559385013,5.763247394419134
GGTTAGGCTTGGAGAA-1,18.58331916835144,-22.30166506088348
GGTTAGTTACGGCGCC-1,8.306398729480145,-2.4712314949347
GGTTTACAATCTCAAT-1,-13.554199528211964,2.7524551436957085
GGTTTAGCCTTTCTTG-1,14.599693264761967,19.808867361287234
GGTTTCAATCGGTCAG-1,-2.171704424050829,16.487518964823195
GGTTTGAGTGCTGGAA-1,1.0914736969417445,-13.769669497724854
GTAAGCGGGCAGTCAG-1,-14.145289790848302,-3.979791845624139
GTAAGTAACAGTCTGG-1,-17.697643769801363,7.28181280384451
GTAAGTAGGGTATACC-1,25.241358715936904,-19.954393576085597
GTACACTTACCTGAAG-1,-17.042417691868664,-12.691549145287599
GTACAGAGGCAAGGGT-1,-14.023645665465601,11.331617660062927
GTACGACGGCGCTGCG-1,29.313453356415963,-15.147485260608468
GTACGAGATTGCGACA-1,-17.363380900510936,-16.56968797469494
GTACGCTTCATTGCAC-1,-19.616081947403703,0.18790185393611497
GTACGTTTGCCCGTCA-1,-22.517502792910534,-0.5000882719078485
GTACTAAGATTTGGAG-1,-1.4151250424440505,-8.678897901450059
GTACTGCATGAAGCGT-1,2.094815667731478,3.1981863662510976
GTACTGGAGTTAGACC-1,-16.327524897130882,6.094181641946074
GTACTTGGGCACTTCT-1,30.770859465659832,-16.843775456436557
GTAGAAACGGGTGGAG-1,9.809477493827604,-0.3958620499501138
GTAGACGTCGTTACAT-1,9.392100400949372,-19.122390150606137
GTAGCCAAACATGGGA-1,-12.923234548356712,-16.956770132589924
GTAGCGGCTATACACT-1,-22.77170777691741,-17.156719753574095
GTAGCTTCCTCTTGTT-1,-1.3873511647181986,15.881896753425831
GTAGGTGATCCGTGTA-1,0.8666526737012898,23.02840761296315
GTAGTCGCGGGAATCA-1,-20.315745873423428,12.294778327611558
GTATAGGACTCAGTAG-1,-13.20322705898789,-7.400803054900855
GTATCAAACGTTAGCT-1,12.15087239419692,12.20487030761955
GTATCAGCTTGGGTTC-1,30.6149135321269,-16.8896444866906
GTATCTTTCATAACCA-1,-18.325526263756757,-7.176371458045869
GTATGTGGGTCTAGTT-1,-15.95491285152525,13.762908788030288
GTATTAAGGCGTCTAA-1,20.589414985713457,-21.517364397678943
GTCAAAGTTTACATAG-1,31.195066799952034,-19.37411586308512
GTCAAGCGGACTCGGG-1,-19.074279638970193,5.3638984416563815
GTCACTCTCCAAATCT-1,23.097490641829566,-20.993091367104526
GTCAGAATAGTCTATG-1,7.640788750927054,-6.954187051941623
GTCATGCACCTCCGTT-1,-15.330194278400041,-10.7234245629931
GTCATGGACATGACTA-1,-16.57246155268732,-14.688390255720126
GTCATTAGAGCGAACG-1,-20.212121393927315,-15.57818777361242
GTCCATTACTGCTACG-1,8.297785728875676,30.138358460024413
GTCCCAACGTAAAGTA-1,-18.665029423981686,-1.1893549833317383
GTCCGGACCTGAAATT-1,-16.878773896105663,18.966028396955526
GTCCGGCTGAATTGCG-1,3.7545927057617883,-16.307490247284804
GTCCTACAGGCGGCTC-1,13.635418825818308,3.4414498885943456
GTCCTACGAATAGTCT-1,6.797670800631893,13.164376801206492
GTCGCGTAACCCGTTG-1,-19.62417773373736,5.371465053025613
GTCGGATATCTCAGAC-1,7.851889304424741,-5.983096008323383
GTCGGATGTAGCGCGC-1,11.148426382189056,26.55927316064552
GTCGTACCATCTCGGG-1,-21.49303584295162,-22.568492720141833
GTCGTTATTCGCTTAT-1,-21.619661797797004,3.222632487935763
GTCTATCTGAGTTTCT-1,13.504440147957038,6.957726382499348
GTCTATTGGTTCCGGT-1,-16.809900004671885,18.702428392464935
GTCTCGATCTGCTTTC-1,12.740287500619987,25.920490728696972
GTGAAACGGCGCCACC-1,13.534883414023772,29.13567126697989
GTGAAACGTGCTCCAC-1,4.36446635547906,-10.194941610538624
GTGACCGCACACTACG-1,-16.65331652758664,13.286084698313784
GTGAGGACACTTAAGG-1,-20.022042946275224,5.789112672661893
GTGATCACTAACGCCT-1,-0.008704255718009847,14.671460746465888
GTGATCATAGATCTGC-1,-12.28380978892829,-18.02918563966663
GTGCAACAAATGTGGC-1,11.557144802775857,24.543896133870778
GTGCACGAAAGTGACT-1,1.8822273525965472,20.561081789529567
GTGCCCGTTCGGATTC-1,-15.65939635986727,10.700252265076509
GTGCGACAGGGAGTGT-1,2.806976161710142,18.53314529950641
GTGCGGGTCTCCAAAT-1,-16.37401523141654,-11.597284394069268
GTGCGTGTATATGAGC-1,-19.029460115286778,10.885320086183174
GTGCTCAAGTACTGTC-1,5.727235707540422,-13.946504719857446
GTGGACGTGCTGAGAC-1,27.79250970293031,-20.38810869675487
GTGGGCTTAGACACAC-1,14.138860844252523,-22.751617353876128
GTGGTGGCCAAGTGAA-1,-20.605131190493687,5.56044241083748
GTGTACCTTGGCTACG-1,-10.279701094385887,4.2748802991343
GTGTCGTATAGCGTTC-1,-11.188272579757736,15.325932671911199
GTGTGAATAACTTAGG-1,-16.750543695296756,6.044594905781371
GTGTGTCGACGTCGCT-1,-21.478453124738447,-23.53806716763038
GTGTTACTATGCGTCC-1,-17.69595113265864,5.855209488511531
GTTAAAGTAGGACTGG-1,-14.337210030579786,17.231314943014834
GTTACCTACAACTTGC-1,-18.439169455603068,-7.004131185445625
GTTACTTTGGGCCTAG-1,1.4361054792838548,3.8897173434931216
GTTATTAACGTGGGAG-1,10.775954528330503,0.2971505412360395
GTTCACAGGAGTCTAG-1,7.3454993076376,-4.234896227515071
GTTCCAGTCTGACCAT-1,-15.862638999865249,-11.560091478744372
GTTCGCCATAAGTGCC-1,9.31878282092007,-15.449628900325951
GTTCGTCTAAAGAACT-1,-18.572153527601444,19.362500264666867
GTTCTTCCCTCGATGT-1,-18.038627203553684,-21.303466683250463
GTTGAGTCCCGCCGGT-1,-23.36827304897851,8.731826957197784
GTTGCACGGAGTTTCG-1,9.334514828910745,-20.544644450428716
GTTGGATTGAGAACAC-1,-4.0206233947630325,17.626365578806734
GTTGGATTTGCGTTGG-1,12.876035230295852,-13.101602129881048
GTTGTCGTGTTAGTTG-1,-0.324930508874166,-12.616009445820449
GTTTACGTTCCATCTG-1,-21.91331875874626,-18.141748691031992
GTTTCCTGGAGGGTGA-1,7.298219297863227,-19.750909554603673
GTTTCTGCAGTCTCCC-1,-19.257434860451422,-13.934887612114913
GTTTGACCAAATCCTA-1,-5.827096188207482,-10.830229832161644
GTTTGGCCCAAGTTAT-1,-18.8277032084718,11.073001533886154
GTTTGGCCGCTCAGCG-1,26.153871863592563,-20.446907471066304
TAAACGTCGTCAATGA-1,13.885548953603477,8.694150354026045
TAAAGCGTTAGGAGAA-1,1.1289263037195947,20.96024914259626
TAAATGAATCCGTTTC-1,15.192368994851694,-22.2314861388269
TAACAAAGGGAGAAGC-1,30.220412098135206,-16.95554469167179
TAACATACAATGTGGG-1,-22.696818705266825,-21.61844149253223
TAACCTACCGTCCGAG-1,9.175589806664874,28.808527200044935
TAACGCTTTGAGAGCG-1,2.1387458014628273,3.43025183482175
TAACTATCGAAGGTCC-1,25.095002150153906,-21.368870063434777
TAACTCCATGGAGGCT-1,26.505526336514922,-19.423117205073243
TAAGGAACTTGTGGGA-1,21.85625908299034,-20.749611033451938
TAAGGCAACATAAGAT-1,-14.340737342410815,0.49272173131821256
TAAGGCTGAATCCCTC-1,3.4977661099289543,13.607294997093593
TAAGTTGCGACGTAGG-1,12.97485628823783,18.16883609858385
TAATACACAGTAGTAT-1,-12.325447794304358,1.3436044537592386
TAATAGTGACGACCAG-1,7.27586231114466,23.487767120731988
TAATATTGAAATTCGC-1,3.1547761914959107,-15.13761169956398
TAATCGATCCGTACGT-1,9.622359288715376,34.57415678746617
TAATGAAAGACCCTTG-1,10.061552561070618,-0.14688760532811704
TAATTAGATGGATATG-1,5.249341077867231,-9.931803148588283
TACAACGCACAACTCA-1,9.549677583931148,-1.9918406449398371
TACAAGTCTCGTGCAT-1,8.54437250608028,0.9091028486740236
TACATAGGCATACACC-1,-5.982907412036615,-9.025596948463958
TACATCTTGTTTCTTG-1,-21.947759944890535,-23.703459201026376
TACATTTCTAACGTGC-1,3.5043598015764488,-11.906685367310203
TACCAATAAAGTACCA-1,-19.73352150980245,19.50734538789667
TACCGCGGACTTGCAG-1,0.4948401820424636,20.017370849480262
TACCGGCTCACTGCCC-1,-16.22963744751781,-14.907544182138048
TACCGTGCCTCGGACC-1,-20.4191426519631,-22.835660942887035
TACCTCACGCTTGTAC-1,-11.920630224724267,-2.06287905239639
TACCTGCTGCACTGTG-1,11.367547071366804,-0.039924773777297716
TACGAACACGACTTCA-1,2.787846368117291,-12.505834140241024
TACGACTGCCTCTTAG-1,-18.33640279241235,-7.05314146619583
TACGAGAACTTCACGT-1,9.555728639408601,-4.313209288328123
TACGATGTTGATCATC-1,8.213365024061405,-1.9034984887743978
TACGCAGTTCTTTCCT-1,11.444621649389918,-3.1373506176201964
TACGCCATATTCTAAT-1,-3.2271327267841845,-8.634167214893097
TACGGGATGCTAGCAG-1,0.6428765594625576,23.114516055298104
TACGTGCACTATGCTG-1,28.485529711488994,-18.78594700217504
TACTCTCCGAACAAAT-1,3.5661527481908517,21.546717633280064
TACTTGTTAGTAGTCC-1,-17.459097001320103,14.368209004663315
TACTTTACTGAGCCGG-1,-1.6705032679892171,22.39833789747094
TAGAAACACAATAGTG-1,-22.622200855553878,-23.088047003988226
TAGAAAGGTGGCGCTA-1,-15.595030015231265,6.0843166520075265
TAGACGCCCGTACCGG-1,0.4601165113928764,15.850076965529382
TAGAGGTTCTACTTGT-1,13.642371497957077,18.971500908261977
TAGAGTCTAAGCGAAC-1,-0.4051504795967224,-13.154566799315592
TAGCAACCTGTCACAA-1,10.7895015489672,-14.538669570171571
TAGCCAGAGGGTCCGG-1,16.17666216357589,-14.814876837594506
TAGCCATTTCAAAGTC-1,-18.05227362040775,8.92855497639281
TAGCCGGCGGTCAGCG-1,-16.46039766018937,12.946152694422715
TAGCGTCCGGTGTGGT-1,-19.930616979787217,7.210638318961209
TAGCGTTGGGTCTTAC-1,-21.43662032201318,-16.984392046152077
TAGCTAAGTCCGGGAG-1,-4.846404434045295,-11.156181044601924
TAGGCATGTTACGCCA-1,6.406464292255959,25.85615413850964
TAGGGAGCTTGGGATG-1,1.1275803341782624,17.064426035276988
TAGGGTGTTTCAAGAG-1,-5.063483184561426,-11.218441775142761
TAGGTCCAAGTAAGGA-1,6.476238678597671,-0.015185631709106445
TAGGTCGCCGGAACTG-1,1.8203523635865844,25.69526275910579
TAGGTGAGCCCTACTC-1,6.624516312536046,-10.478633206716282
TAGGTGCTCGCCTAGC-1,-18.816137300523,10.854087578117605
TAGGTTCGAGTTCGTC-1,-19.724810225500136,-19.453351010924685
TAGTACCTTAGTGGTC-1,10.252394071924867,-11.493826383577964
TAGTCCGCAGAGAATG-1,5.208947394691393,-14.148421546005942
TAGTCCGTATGCATAA-1,15.554088613540292,-16.77802255150576
TAGTCGATCACGGGTT-1,2.7538706277510285,12.881104830143455
TAGTGCCCTCCAGAGT-1,7.589396971934547,-13.79615618903877
TAGTGTCAGAAACGGC-1,11.17040019641228,-3.925502084323194
TAGTTTATTCTTGCTT-1,7.367394310243085,22.102537738519754
TATAAATCCACAAGCT-1,16.010943973038234,-20.340720646729434
TATAAGTGAGGATAGC-1,27.681470096929623,-18.88120306207159
TATACACGCAAAGTAT-1,30.54224915648531,-17.997456913058077
TATACTCATGCGGCAA-1,10.88046215817249,-10.417131329207608
TATAGATGGTCGCAGT-1,0.27764254512719405,22.697240800859554
TATATCCCTGGGAGGA-1,14.866536263309019,21.5903760687052
TATCCAATTGGTTATC-1,-17.292645848105963,20.71330511097196
TATCCATATCATGCGA-1,-16.230637967593008,-18.033875581186795
TATCGATCTATGCATA-1,9.097843782113046,35.09334486854071
TATCGATGATTAAACG-1,8.981158758544472,-20.378007080810804
TATCTACAGAGGTAAT-1,6.391218888799135,-1.2875745143700574
TATCTACCACAGCGGG-1,-11.196278503534803,-8.899411573538169
TATGAAGACAGGTGCG-1,12.38547420861965,3.758534418069131
TATGCTCCCTACTTAC-1,-20.997611122610877,-23.47085767039812
TATGGATGTGCTACGC-1,0.903988167341033,-15.082315458506049
TATGGCCCGGCCTCGC-1,6.681405643801083,-4.458438812822814
TATGGGACCGAGCAGG-1,8.621953568571296,-7.06851535787858
TATGGGTACGTATCGT-1,-3.134510037416839,-9.769044453635441
TATGGTCTGAGTAACA-1,-3.5107639525180425,-9.377032313915384
TATGGTTAGTGGGAGA-1,8.370389042950853,29.725812234504794
TATGTCTCATTGTGCC-1,-12.724774799195874,9.108316754827664
TATTACCATCCTGCTT-1,0.3286753102789512,17.37108999533994
TATTCAATTCTAATCC-1,-22.837894586726378,3.865929940892928
TATTCCGAGCTGTTAT-1,-20.24209223536766,19.169308652263535
TATTCGTGCCAGAATA-1,-19.123252063095872,-19.84928991392625
TATTTAGTCTAGATCG-1,-12.556916884605437,-2.1601274233929297
TATTTATACCGAGTAG-1,11.439764004607127,28.19190259843349
TATTTGTTACCCTTTA-1,12.651268489798806,-21.09398395184661
TCAAACAACCGCGTCG-1,-16.339565311864927,-17.101176476384204
TCAAACTTAGATTGTT-1,-20.297929198476755,-15.096106730877183
TCAACACATTGGGTAA-1,5.115111223687359,-16.48531306191312
TCAACCATGTTCGGGC-1,6.610540155879319,-19.52536995487494
TCAACGAGGAGACAAA-1,-3.2898490326110656,-7.642429542972307
TCAAGGTTACTACACC-1,14.993489391898233,20.310512518498705
TCACAGATCCTCAAAC-1,31.217558260766836,-13.196444918693032
TCACAGGGAATCGCAA-1,-21.18073651901551,11.926866864428842
TCACAGGTTATTGGGC-1,8.73759654453555,-11.333516058056556
TCACATCTTATCTGAT-1,13.43941531984751,6.1878022086723625
TCACCCTCTTAAGATT-1,-21.08307862340078,-23.67463355448264
TCACCGCTCGGCACTC-1,14.693732240850071,22.099438166493506
TCACGCATTGTAGATC-1,13.801734380894224,-11.42469759035079
TCACGGTCATCGCACA-1,14.445979534403714,-21.517491493461986
TCACGTGCCCGATTCA-1,-12.295174972960595,-8.661049328472577
TCAGACGCTATAGAAG-1,-22.57548086600322,-18.88865968909012
TCAGCAAATGCATCTC-1,-16.286922777659623,-1.96611892722237
TCAGGGCGCAAACTCG-1,10.880515713480065,0.152829049930819
TCAGGGTGTAACGTAA-1,-21.29581096694431,-2.177810491621071
TCAGGTTCTTTGAGAA-1,12.832153852976534,-19.592037103484504
TCAGTACTGACCCGCG-1,23.906916725426957,-22.07372550606407
TCATACTTACAGATCC-1,10.560458710204626,-12.305919024561208
TCATCACTCGAGCTCG-1,30.436453999300614,-17.90177529465774
TCATGCAGGTTCTCAT-1,9.860189535211926,33.13837439911398
TCATTTAAGTCTCCGA-1,15.506510938711136,27.427457463749
TCCAACTTTAAATTCT-1,12.852074396561813,6.788135360684651
TCCACAATGGTTTACG-1,12.339869025038274,-18.574277445240654
TCCACTTTATCTAGGT-1,-15.204270284762815,7.861724161528956
TCCAGAGCACCGGTTC-1,-23.032512911720094,-18.326399000451826
TCCAGGCGAGTACGGT-1,-2.4898448296747544,-10.178154173234837
TCCCAAAGACGAAGGA-1,-18.201513526900715,-13.441613511947756
TCCCAGCTTTAGTCTG-1,0.06268593991449563,-11.412587387434991
TCCCAGGCTTAGCTAA-1,6.067616068589872,-15.412536122690664
TCCCGCGTACTCCTGG-1,-17.811942181938246,-1.8074444363092093
TCCCGGGTGTGCTGCT-1,6.5463995666194075,-0.35742110103712726
TCCCGTCAGTCCCGCA-1,-10.795812307551525,6.757579165892664
TCCCGTGTGCAATTTG-1,-21.988423883455194,10.215900484618025
TCCCTGGCTCGCTGGA-1,9.263250042158615,1.2758665594670957
TCCGATAATTGCCATA-1,-9.565796944826593,4.943679092420544
TCCGATGACTGAGCTC-1,-9.926719068303477,6.458427589355734
TCCGATGGTGCGACAT-1,0.9701160579755586,-15.405045796792452
TCCGATTACATTGCCG-1,8.359801773634631,-3.0847119792302884
TCCGCGGCAGCATCTG-1,-12.445349034233887,11.490509210883587
TCCGCGGCCCAATGAA-1,13.777653273011133,25.35951442498909
TCCGCTGTCATCCCGG-1,-19.731655086558202,11.414726792676513
TCCGCTTATCCCATTA-1,-12.812612758318272,-18.28278191877243
TCCGTAACCACAATCC-1,9.199613092172587,-2.3700102032524204
TCCGTTAAGCTAATAT-1,11.036037121712786,16.208563754199016
TCCGTTTAGCCTTGAA-1,-0.8368850712986464,20.27959055490254
TCCTACATCCACGGCC-1,-15.529658379990911,17.939595059359007
TCCTCGGGCTGGGCTT-1,-20.930865250678853,4.720069876805661
TCCTCTACGAGATGGC-1,16.198619356287008,-22.85052059086225
TCCTTACGACGGTCCG-1,-10.639432334922308,15.028068323401891
TCCTTCAGTGGTCGAA-1,12.474321158724996,25.514790274166977
TCCTTTAAATCCGCTT-1,12.023882859895403,12.305029290327022
TCCTTTCTTACGCTTA-1,-14.959050895925651,-6.7108033095340565
TCGAAATTTAGGACCA-1,8.496114891671127,-17.359175464943526
TCGAAGAACCGAGCAC-1,3.968718304338248,14.988438317853754
TCGAGACCAACACCGT-1,8.701878487626255,-13.045577143130478
TCGCAAAGATGCATTT-1,-21.643144651972296,4.637591407509111
TCGCACCAGGAGGCAG-1,-21.218770738795783,14.768992008503371
TCGCACTAACGTTTGT-1,-21.927119227249296,-19.56609120586718
TCGCATCCCTAAGTGT-1,31.2808696703528,-18.029467888049275
TCGCCGGTCGATCCGT-1,-12.459888015702498,-1.2218180321253114
TCGCGTCCAGAAGGTC-1,7.052159262254634,-2.418154317771531
TCGCTCGATATATTCC-1,-17.481498548054482,-13.351486938914672
TCGCTGGGCGGATTGT-1,-16.162362866643196,3.169774030370342
TCGCTGTGCGTAAATC-1,20.774939474222,-21.755899228616798
TCGCTTTAAACGTTTG-1,15.436485649716483,27.34601792380708
TCGGAATGCGCTCTGA-1,8.995677339086422,-0.8745268175100511
TCGGACGCCCAGCCCA-1,-17.127317934021917,3.539557415046326
TCGGAGTACATGAGTA-1,-18.045465947165958,-1.430908273889286
TCGGCGAACCCAAACC-1,6.469746060186827,26.15717108240801
TCGGGCCGTCGTGGTA-1,-17.790167523248282,12.614214214203392
TCGGGTGAAACTGCTA-1,9.712937778802882,32.95891272412974
TCGTAAGACGACATTG-1,-10.785456533193402,4.966927823231094
TCGTATAGTGCAATTA-1,7.6456705192585686,20.810491468987085
TCGTCACACTGTTAGC-1,14.373232497805247,7.174236881934053
TCGTCCGCTGGCGTCT-1,22.131227750990703,-20.30073451737476
TCGTCTTAGGCGTTAA-1,0.886385924310464,4.28289083342514
TCGTGTACTATGGATG-1,-15.477840292820055,20.549559246747403
TCGTTGGCTCGTCAAT-1,0.7871228829822243,-7.723048020278535
TCTACCGTCCACAAGC-1,-18.060179696438876,-2.927830847273836
TCTAGCATCTTCGATG-1,15.113676582088276,-20.60296846617228
TCTAGCATGCCCAGAA-1,-21.141510309561486,-19.721969866322155
TCTAGTGATATCGTGG-1,3.2739569596840434,14.221888102483922
TCTAGTTATCAGAAGA-1,2.816901360185624,-12.883617737007254
TCTATCATGCAGTTAC-1,26.845591826159186,-20.710207823091196
TCTATCGGTCGCAACA-1,-13.337203210973387,-1.5782071826446296
TCTATTACGCTGGCGA-1,30.412862285049826,-19.85281504085689
TCTCATGAGATAGGGT-1,-11.804212265655613,15.30484858706857
TCTCCAACGTAGGTTA-1,14.078018242915023,22.511196452647134
TCTCCCTGGGCAGCGT-1,-19.904975259639816,19.36508808881514
TCTCGGCTCCAGGACT-1,32.96261451117661,-17.838537152744774
TCTCTAATAGCTGGTA-1,-4.873263193333489,-11.380862375346442
TCTGAACCGGTCGGCT-1,29.325745380711027,-17.936036505044896
TCTGAACTCGTACCCG-1,-0.8022459104217536,13.969860375066697
TCTGAAGCACGTGGTC-1,10.921499405954004,11.08306347945731
TCTGAATTCCGTACAA-1,0.9472805802643965,17.95100567563279
TCTGATGTATTCTGTC-1,-23.63604260387611,8.910469014318378
TCTGCCAGAAACTGCA-1,-20.675509088957313,6.865755601695708
TCTGCGTCCGGTTTCT-1,30.47808821356976,-14.94653218404243
TCTGGGAACCTTTGAA-1,2.8623350054302183,15.625054631597065
TCTGTGCCATCATAGT-1,-16.30127494834633,5.054505311677595
TCTTAACTCGGATGTA-1,-21.770573919540883,-24.008134217702253
TCTTACAGAGGTACCG-1,2.0811336655665293,-14.756342707598977
TCTTACGGCATCCGAC-1,11.607442253207871,-19.381464276707934
TCTTACTTATGCCTCT-1,-12.503900663314365,16.40828794106816
TCTTAGAGTGAACTCT-1,2.918823516923371,15.562905997457145
TCTTCCCATGGGCACA-1,15.464719716935626,27.047737115459153
TCTTCGAATAGACGTT-1,-22.950531307270246,-18.147187124348722
TCTTCGATACCAATAA-1,-16.162258000046712,-11.206143866860684
TCTTCTATAACCCGCC-1,9.31909240388214,30.65569899058428
TCTTGATGCGTAGCGA-1,-17.268515907206794,-3.7367240942949134
TCTTGGTAACACCAAA-1,-13.713245140192749,0.5841750699750649
TCTTTAAGACTATGAA-1,0.7210070426402463,19.695661990098138
TGAAAGGACCTGACTC-1,-17.05409724884374,9.542508849138333
TGAAGAGCGGTCCTAG-1,13.382282664321721,8.384330557406123
TGAAGTAGCTTACGGA-1,-20.305308735013657,-23.73181087320397
TGACATCGAGCGGACC-1,0.9714448992637534,23.99183025772661
TGACCCACGTTAGACA-1,11.867986350428104,-11.733330495887492
TGACGATGCACTAGAA-1,1.3671648293266083,16.138091794324062
TGACTATAATCCTTTC-1,-20.633442384358244,-5.380776340326999
TGAGAATGCTTTACCG-1,-16.63883710394097,-13.011511649364445
TGAGAGATTTACCACG-1,-11.955021128133758,17.268185782796113
TGAGCTTTAATGACGC-1,9.815947005265402,34.477618517865054
TGAGTGGTCCGTGACG-1,-11.861594721694281,8.228255230813195
TGATCGGTTTGACCCT-1,2.9744533653568292,-13.984963317427516
TGATCTCCGGCGCCAG-1,6.243912445602215,-15.648156726697328
TGATTCGTCTATCACT-1,12.197540301715359,-14.810177875453219
TGATTTCCTCCTGACG-1,31.50845799631989,-17.651971034360418
TGCAAGAATGACGTAA-1,-13.175066486580063,-8.26399057573718
TGCACTATGTGAGTGC-1,14.277978781974488,8.178765770248644
TGCAGAGTACCGAGCA-1,10.950794036979485,-2.3993733572373714
TGCAGGATCGGCAAAG-1,-10.983924244061503,5.424657162185881
TGCAGTTTCCTCCCAT-1,-17.98881463303278,13.689530344714163
TGCATATGTCTGTCAC-1,-17.122140901106004,14.364551459842268
TGCATGGATCGGATCT-1,-11.138534435136727,4.125344652353108
TGCATGTGGTAATCTA-1,-11.765968001618093,7.257012175976469
TGCCACCTGGCGAAAC-1,0.9254024089311584,20.699526081230694
TGCCAGTACGTGGAGA-1,-20.293473783577895,-21.654446271606556
TGCCATTACTAAAGAA-1,9.310349468153886,32.50985157118655
TGCCCGTACCGTTAAA-1,-21.131378343152342,-4.727637353781996
TGCCTGACATCGGTCA-1,25.364681684138443,-18.704488103611283
TGCCTGATCAAACGAT-1,-11.927155595427122,4.6229576001367
TGCCTTGGCCAGGCAA-1,-19.45129064964111,16.92500190862241
TGCGCAAAGCATTTGG-1,-17.15591875420165,-4.442843442386488
TGCGCGATTAACGGAG-1,13.543539989123955,-18.2711016337158
TGCGGAGTAAAGGTGC-1,-11.315019740707358,4.033438291403631
TGCGGCATAGTTCAAC-1,6.04663539604833,22.653743003760905
TGCGGTGAAATTTCAT-1,9.201767776144068,34.60833481855694
TGCGTGATTGGGTGTC-1,31.741608158141325,-13.372038315481594
TGCGTTTGTTGACACT-1,-18.906662155678283,5.431043058032643
TGCTAAGTGTCTATTT-1,-20.55418548596187,17.69170713324288
TGCTCCACAGTTCTTA-1,-13.045733763194924,14.355589334408823
TGCTGGTTGGACAATT-1,23.15665685499545,-20.46244656315759
TGCTGTTGAAGAACTC-1,-23.71727061550968,-20.46799085453164
TGCTTGAAACCATGCA-1,20.80464382718486,-20.346453601672327
TGGAAGACGAACACCA-1,0.713943949515498,-8.055504956613126
TGGAAGGATAAAGATG-1,-11.842585472006723,3.793359947095881
TGGAATTAGACGCTTT-1,13.287636525582002,5.214263877740054
TGGACTGTTCGCTCAA-1,-22.100664925010012,-22.197470917414275
TGGAGTGATGCGATGA-1,12.947901761700932,-16.499403649235983
TGGCAAACTAAATTAC-1,-21.937051627352954,11.766041981164895
TGGCAACTCGCGCGCC-1,6.087470082604324,27.321638408118126
TGGCAGATTACGATCA-1,-12.14302331392761,-9.608780929673376
TGGCAGCAGTAATAGT-1,-6.329413703993513,-9.037945857610726
TGGCCAAACTGAAGTA-1,-14.50393120424578,1.9373265428498956
TGGCCGTATATTGACC-1,23.86137508253689,-22.260723781696488
TGGCTTTGGGTAGACA-1,-4.852063588761242,-11.289468423255437
TGGGAAATGCCTTTCC-1,5.739450489498623,-9.790520143367054
TGGGCAATAGTTGGGT-1,9.371811783486645,34.19427264354892
TGGGCACGTTCTATGG-1,-1.2643154603604951,20.61273626222043
TGGGCCACAAGAGCGC-1,1.7216008761795736,20.273034805148384
TGGGCCCATACTAATT-1,-14.946848915709564,18.32542679965379
TGGTAGAATATATGGG-1,7.45435617900172,14.48967756678116
TGGTCCCACGCTACGG-1,-21.879919156663256,-24.106871753876636
TGGTTCAACGGGTAAT-1,-20.063916871473396,-13.997066239783788
TGGTTCGTAGCAAAGG-1,-15.438196275949345,-17.408947981660432
TGTACGAACAAATCCG-1,-2.76961828070776,-9.263997662849839
TGTAGGAGAAATTTCC-1,-14.635095862151841,10.493142284106446
TGTAGTGATCTATAAT-1,10.118919421830217,-1.2070925551065024
TGTATAACAGATCCTG-1,-11.848350172035472,5.040398049423957
TGTATGGCGCAGACAG-1,-10.688045761183986,16.972669634058
TGTCCCGACATAGCAC-1,10.721555267396386,27.469677437602105
TGTCCTAAGTCACCGC-1,1.8445297967938237,3.6036401876815396
TGTCGGCATGGTGGAA-1,15.62427638399235,-13.948002357902613
TGTGACTACGCCAGTC-1,-4.716386032794562,16.43916352759752
TGTGCCGGTGCCGGAA-1,14.238263992570838,20.214420895010804
TGTGGCAAAGCGTATG-1,-1.5711107696638043,16.21797678954928
TGTGTCGCGAGTTGCA-1,27.10313907537542,-17.61762823031184
TGTTATTGTATGTGGC-1,-12.319516348042162,12.627708717233954
TGTTCCGCTTCCATGA-1,12.246898684367517,-3.03036570448418
TGTTCGTATTGCGGTG-1,11.572357601352394,7.864774382323326
TGTTCTTCCATTGACT-1,6.6157284953099555,-13.31174576526775
TGTTGTCAAGAAGTCT-1,4.50849399998409,25.70297205508915
TGTTTCGGTACTTCTC-1,-15.470434806916552,-2.960968091837942
TTAAACAGAGTCCCGC-1,2.5370151864921495,3.788630678524816
TTAAACTCGAATTCAT-1,4.280868367418496,19.624601672558608
TTAACACCTCGAACAT-1,6.943174832471226,-5.1634305702153975
TTAACCAACCCTCCCT-1,-14.662150521937198,-10.159717993876335
TTAACGTCGCAAGACC-1,9.232573982483366,34.13392421279996
TTAAGATAGGATTGAC-1,10.942448253628104,18.430582639356327
TTAAGCGCCTGACCCA-1,14.807842143473813,-13.548183849654993
TTAATCAGTACGTCAG-1,1.464962783969218,22.204760916287977
TTAATGTAGACCAGGT-1,-16.40129387378314,-4.041770965996904
TTAATTTCAGACGCGG-1,2.2595676843392276,20.627083118550125
TTACAACTACGCATCC-1,1.0609039689963813,-14.909299265246592
TTACATCGTGGCCTGG-1,28.65255794190902,-16.66869292509363
TTACATGCCACAACTA-1,8.44782884708993,27.307827213544726
TTACCCTAACAGTCCT-1,5.105936203391334,-5.035125315215984
TTACCGCCTTAGGGAA-1,32.48354601816157,-15.61574557524265
TTACGGATGGTTCGAG-1,-3.5927783910368,18.383889627172703
TTACTAAAGGACTTTA-1,-21.320130077837792,12.084602024149698
TTACTCCGGCCGGGAA-1,-17.482931118871992,10.5823840600674
TTACTGGGATATTTCA-1,5.63294571782354,-2.5791383168180095
TTAGACGAGTCACCTC-1,-20.404433356926905,11.855217499806152
TTAGAGTTTAGAAGGA-1,-16.07845733171758,18.42928449098333
TTAGATAGGTCGATAC-1,34.32476023090757,-15.898790586813325
TTAGCAACATGGATGT-1,26.790089699300896,-19.529430879517538
TTAGCTGATTTGCCGT-1,-0.47405867484479974,13.420850735845585
TTAGTTATTCGTGGCA-1,-12.919720624733788,16.375246886788638
TTATATACGCTGTCAC-1,-19.52476354937539,-17.70917977876106
TTATATTTGGCAATCC-1,-19.48815778046605,-19.362576458464503
TTATCCAATCGAACTC-1,27.51957097391379,-20.923260392640188
TTATCCGGGATCTATA-1,-20.851717439774426,17.340943417207157
TTATCTGTATCATAAC-1,-13.547529054172662,-7.659195312088988
TTATGAATGAAAGGGA-1,-12.458171622873472,-8.473767412257025
TTATGACAAACTGGAT-1,20.753858385959834,-22.23035886010539
TTATGATCTTAACGAA-1,-17.857261893705775,7.065417014354203
TTATGTTTGCGATAGA-1,14.230357321233521,6.738526661906438
TTATTAGAGCGTGTTC-1,-20.68093158168321,-5.207206206059944
TTATTAGGGAAGCATC-1,6.745859981481137,22.2483900055239
TTCAAAGTCTCTAGCC-1,-22.850630387384076,3.7755531398051536
TTCAACGACCCGACCG-1,7.336677414719915,-19.02582391700827
TTCAATACTCTGAATC-1,-16.987579644451714,13.648842583714028
TTCACGAAAGGATCAC-1,7.268990800860882,-14.689783118510427
TTCAGCCCTGGTCCAC-1,-19.580053133493873,13.551345497373227
TTCAGCTGGCGTGCCC-1,12.229481146581405,16.832758161359823
TTCATAGGGTGTCCAT-1,-22.732991490396802,-22.274987176326924
TTCATGGCGCAACAGG-1,-1.462969543060358,18.43975747746998
TTCCGCGTGAGGCGAT-1,-19.87555704195683,-23.792800650996565
TTCCGGTTACCCACTT-1,-19.668765688008175,13.201429574214314
TTCCTCGAGGGTGTCT-1,7.695809835665357,-19.83138663420494
TTCCTCGGACTAACCA-1,-20.18603090043519,10.933582899449634
TTCCTTTCTGTGTTGC-1,30.41263570518635,-20.622398168366896
TTCGACGGGAAGGGCG-1,14.599769077456102,-21.755915416090208
TTCGCACTCGCGTGCT-1,11.382762056905053,-21.20790588608185
TTCGCATCCGGAAGCA-1,34.48080857804197,-15.279460795561471
TTCGGCTAGAGATGGT-1,21.45470522392215,-19.78249828477951
TTCGGGACTAATCGCG-1,-20.09365791327243,-18.30444237641762
TTCGTACTCCAGAACG-1,6.596325995027443,-4.586184707357825
TTCTAACCGAAGCTTA-1,-3.6797434061301857,17.689894813925495
TTCTACTTGCGAGGGC-1,27.231613877031048,-19.22662890429143
TTCTAGGCCAATTGTG-1,13.875211846322571,-18.93732949232873
TTCTGACCGGGCTCAA-1,-17.016826708404302,19.73336104675209
TTCTGCCGCGCCTAGA-1,-17.599787788984656,-13.835279450649839
TTCTGCGGGTTAGCGG-1,-17.28127395336279,8.463857724914945
TTCTGTTTCCTGTCGC-1,-12.251892305693302,-19.70901259221398
TTCTTAGTGAACGGTG-1,30.8831715922735,-15.032783364913856
TTCTTAGTGGCTCAGA-1,-8.387609746355954,3.660069692192603
TTCTTATCCGCTGGGT-1,10.860355325385228,13.025667437880083
TTCTTGGAGTAATGAG-1,2.6912846500414687,20.24456556239779
TTCTTGTAACCTAATG-1,24.202438668408362,-20.52296646823604
TTGAACGAATCCTTTG-1,13.80143377526541,-15.030072179097942
TTGAAGAATTCCCAGG-1,7.10602616933556,-12.939013667835964
TTGAATATGGACTTTC-1,-17.121528173319042,-0.5638506115226041
TTGAATTCACGTGAGG-1,1.9997918744035277,17.772256842250705
TTGACAGGAGCTCCCG-1,5.931560361062221,14.14802752124949
TTGACCATGTTCTCCG-1,-7.9374909430162965,4.7710420241053155
TTGACGCTCCATGAGC-1,2.714099976644862,16.875124868408914
TTGACTATTGTCCGGC-1,10.756762083825066,20.83372434143567
TTGAGAAGTTTAGCAT-1,-18.37408112170183,20.90908705283359
TTGATCTAACTTTGTC-1,5.476133761863962,-16.05372679113555
TTGATGTGTAGTCCCG-1,10.54943387946118,28.813454930601015
TTGATTATGCAGATGA-1,17.50055419591444,-22.559009161162436
TTGCACAATTCAGAAA-1,-4.746927715909278,-7.872500659838199
TTGCACGGAGCAGCAC-1,-13.449059631418548,-7.554810072384463
TTGCCCTGATCACGGG-1,13.756981793851795,5.893702377092692
TTGCGTAGTTTGAGGA-1,13.215625610457005,4.596234470683754
TTGCTCCCATACCGGA-1,-11.242755007488494,6.693181852679829
TTGCTGAAGGAACCAC-1,-10.40226912013191,-7.0502335937705585
TTGCTGATCATGTTCG-1,-1.9221620792060448,-9.430057132243297
TTGCTGCACCTATCCA-1,8.194695689947332,-6.620264822658223
TTGGACCTATAACAGT-1,10.325703272148111,12.719561119202048
TTGGATTGGGTACCAC-1,-13.147808979891774,-5.05814481679028
TTGGCCATCTTGCGCT-1,16.191892252346495,-18.510987832651423
TTGGCTCGCATGAGAC-1,21.646179931763772,-20.59704298556207
TTGGGACACTGCCCGC-1,-20.403829743638376,-1.9252723499794067
TTGGGCGGCGGTTGCC-1,-14.574842752636384,2.4848023754328574
TTGTAAGGCCAGTTGG-1,-8.05632835812699,5.805313577709721
TTGTAATCCGTACTCG-1,3.077731773604642,-12.28255492876421
TTGTCGTTCAGTTACC-1,-16.432233609293252,-16.983194026963748
TTGTGAACCTAATCCG-1,11.679263228156394,12.20853064439945
TTGTGGCCCTGACAGT-1,-12.43805621144078,-0.34867049837195346
TTGTTAGCAAATTCGA-1,20.0514295263903,-20.375016900609335
TTGTTCAGTGTGCTAC-1,-15.894389769260387,-4.413659868654099
TTGTTGTGTGTCAAGA-1,-15.467922825402821,7.7939091777779534
